id,URI,Label
0,http://id.worldcat.org/fast/870268,Communication in science
1,http://id.worldcat.org/fast/894932,Discourse analysis
2,http://id.worldcat.org/fast/917265,Evolution
3,http://id.worldcat.org/fast/887377,Damselflies
4,http://id.worldcat.org/fast/897386,Dragonflies
5,http://id.worldcat.org/fast/1204623,Great Britain
6,http://id.worldcat.org/fast/1205427,Ireland
7,http://id.worldcat.org/fast/1065823,Plants
8,http://id.worldcat.org/fast/998323,Life sciences
9,http://id.worldcat.org/fast/1132103,Statistics
10,http://id.worldcat.org/fast/808830,Angiosperms
11,http://id.worldcat.org/fast/847688,Carnivora
12,http://id.worldcat.org/fast/1266344,Zambezi River Watershed
13,http://id.worldcat.org/fast/1080875,Pseudomonas
14,http://id.worldcat.org/fast/1748896,Ecosystem services
15,http://id.worldcat.org/fast/1163863,Valuation
16,http://id.worldcat.org/fast/901476,Ecology
17,http://id.worldcat.org/fast/832383,Biology
18,http://id.worldcat.org/fast/1148536,Textbooks
19,http://id.worldcat.org/fast/832181,Bioinformatics
20,http://id.worldcat.org/fast/1052928,Parallel processing (Electronic computers)
21,http://id.worldcat.org/fast/917342,Evolutionary genetics
22,http://id.worldcat.org/fast/891773,Developmental biology
23,http://id.worldcat.org/fast/836873,Botany--Anatomy--Methodology
24,http://id.worldcat.org/fast/1432076,Plant diversity conservation
25,http://id.worldcat.org/fast/1245064,Europe
26,http://id.worldcat.org/fast/1065351,Plant conservation
27,http://id.worldcat.org/fast/836830,Botanical gardens
28,http://id.worldcat.org/fast/1076374,Primates
29,http://id.worldcat.org/fast/962785,Human anatomy
30,http://id.worldcat.org/fast/1078691,Programmed instruction
31,http://id.worldcat.org/fast/963183,Human physiology
32,http://id.worldcat.org/fast/1081300,Psychobiology
33,http://id.worldcat.org/fast/967961,Immunoglobulins
34,http://id.worldcat.org/fast/967921,Immunoassay
35,http://id.worldcat.org/fast/832225,Biological diversity conservation
36,http://id.worldcat.org/fast/832095,Biogeography
37,http://id.worldcat.org/fast/875490,Conservation biology
38,http://id.worldcat.org/fast/832208,Biological diversity
39,http://id.worldcat.org/fast/1432037,Ecosystem management
40,http://id.worldcat.org/fast/913250,Environmental policy
41,http://id.worldcat.org/fast/912895,Environmental economics
42,http://id.worldcat.org/fast/1034632,Nature conservation
43,http://id.worldcat.org/fast/1175253,Wildlife conservation
44,http://id.worldcat.org/fast/1164946,Vegetation monitoring
45,http://id.worldcat.org/fast/1175366,Wildlife monitoring
46,http://id.worldcat.org/fast/942171,Germplasm resources
47,http://id.worldcat.org/fast/909658,Endangered species
48,http://id.worldcat.org/fast/1175385,Wildlife recovery
49,http://id.worldcat.org/fast/1285604,United States--Yellowstone National Park
50,http://id.worldcat.org/fast/1175323,Wildlife management
51,http://id.worldcat.org/fast/1095153,Research
52,http://id.worldcat.org/fast/946817,Grasslands
53,http://id.worldcat.org/fast/946800,Grassland conservation
54,http://id.worldcat.org/fast/946801,Grassland ecology
55,http://id.worldcat.org/fast/891153,Desert ecology
56,http://id.worldcat.org/fast/1244559,United States--Southwestern States
57,http://id.worldcat.org/fast/891147,Desert biology
58,http://id.worldcat.org/fast/1034268,Natural history
59,http://id.worldcat.org/fast/809468,Animals
60,http://id.worldcat.org/fast/1089445,Rain forest ecology
61,http://id.worldcat.org/fast/1736604,Forest biodiversity
62,http://id.worldcat.org/fast/1219920,England
63,http://id.worldcat.org/fast/1736807,Forest biodiversity conservation
64,http://id.worldcat.org/fast/925297,Fire ecology
65,http://id.worldcat.org/fast/1204543,Australia
66,http://id.worldcat.org/fast/925529,Fire risk assessment
67,http://id.worldcat.org/fast/925460,Fire prevention
68,http://id.worldcat.org/fast/932142,Forest fires
69,http://id.worldcat.org/fast/1175216,Wildfires
70,http://id.worldcat.org/fast/1020062,Microscopy
71,http://id.worldcat.org/fast/820609,Atomic force microscopy
72,http://id.worldcat.org/fast/1355129,Technique
73,http://id.worldcat.org/fast/906682,Electron microscopy
74,http://id.worldcat.org/fast/965827,Hyperspace
75,http://id.worldcat.org/fast/1127622,Space and time
76,http://id.worldcat.org/fast/1150331,Three-dimensional imaging
77,http://id.worldcat.org/fast/928103,Fluorescence microscopy
78,http://id.worldcat.org/fast/1032639,Nanotechnology
79,http://id.worldcat.org/fast/1062051,Photomicrography
80,http://id.worldcat.org/fast/1061714,Photography
81,http://id.worldcat.org/fast/832555,Biomathematics
82,http://id.worldcat.org/fast/832611,Biometry
83,http://id.worldcat.org/fast/1086207,R (Computer program language)
84,http://id.worldcat.org/fast/972355,Inference
85,http://id.worldcat.org/fast/1004795,Machine learning
86,http://id.worldcat.org/fast/917302,Evolution (Biology)
87,http://id.worldcat.org/fast/832038,Bioethics
88,http://id.worldcat.org/fast/1353198,Government policy
89,http://id.worldcat.org/fast/1204155,United States
90,http://id.worldcat.org/fast/1108536,Science and state
91,http://id.worldcat.org/fast/1014081,Medical ethics
92,http://id.worldcat.org/fast/963221,Human reproduction
93,http://id.worldcat.org/fast/794582,Abortion
94,http://id.worldcat.org/fast/940027,Genetic engineering
95,http://id.worldcat.org/fast/859107,Christian ethics
96,http://id.worldcat.org/fast/1737618,Biocomplexity
97,http://id.worldcat.org/fast/1034520,Natural selection
98,http://id.worldcat.org/fast/1016117,Mendel's law
99,http://id.worldcat.org/fast/940117,Genetics
100,http://id.worldcat.org/fast/963075,Human genetics
101,http://id.worldcat.org/fast/1024797,Molecular genetics
102,http://id.worldcat.org/fast/939613,Gene expression
103,http://id.worldcat.org/fast/940086,Genetic regulation
104,http://id.worldcat.org/fast/1026447,Morphogenesis
105,http://id.worldcat.org/fast/908425,Embryology
106,http://id.worldcat.org/fast/832656,Biophysics
107,http://id.worldcat.org/fast/1132076,Statistical physics
108,http://id.worldcat.org/fast/832624,Biomolecules
109,http://id.worldcat.org/fast/898670,Drug development
110,http://id.worldcat.org/fast/998460,Ligand binding (Biochemistry)
111,http://id.worldcat.org/fast/1005248,Macromolecules
112,http://id.worldcat.org/fast/999411,Liposomes
113,http://id.worldcat.org/fast/886614,DNA-drug interactions
114,http://id.worldcat.org/fast/1057552,Peptide antibiotics
115,http://id.worldcat.org/fast/1019538,Microbial pesticides
116,http://id.worldcat.org/fast/1132975,Stem cells
117,http://id.worldcat.org/fast/850172,Cell culture
118,http://id.worldcat.org/fast/1061521,Photochemotherapy
119,http://id.worldcat.org/fast/898761,Drugs
120,http://id.worldcat.org/fast/847934,Carrier proteins
121,http://id.worldcat.org/fast/883965,Crops
122,http://id.worldcat.org/fast/1018722,Methodology
123,http://id.worldcat.org/fast/1079785,Proteomics
124,http://id.worldcat.org/fast/1162974,Urine
125,http://id.worldcat.org/fast/898704,Drug resistance in microorganisms
126,http://id.worldcat.org/fast/810420,Antibiotics
127,http://id.worldcat.org/fast/973778,Inositol phosphates
128,http://id.worldcat.org/fast/1061416,Phospholipids
129,http://id.worldcat.org/fast/864647,Clostridium difficile
130,http://id.worldcat.org/fast/1096230,Retinoids
131,http://id.worldcat.org/fast/1015850,Membrane proteins
132,http://id.worldcat.org/fast/810468,Anticoagulants (Medicine)
133,http://id.worldcat.org/fast/834782,Blood platelets
134,http://id.worldcat.org/fast/1150419,Thrombolytic therapy
135,http://id.worldcat.org/fast/923665,Fibrinolytic agents
136,http://id.worldcat.org/fast/955179,Heparin
137,http://id.worldcat.org/fast/1151499,Tissues
138,http://id.worldcat.org/fast/1071532,Population biology
139,http://id.worldcat.org/fast/1051384,Paleoecology
140,http://id.worldcat.org/fast/913474,Environmental sciences
141,http://id.worldcat.org/fast/832828,Biotic communities
142,http://id.worldcat.org/fast/902296,Ecosystem health
143,http://id.worldcat.org/fast/1154670,Transgenic organisms
144,http://id.worldcat.org/fast/1098146,Risk assessment
145,http://id.worldcat.org/fast/913102,Environmental indicators
146,http://id.worldcat.org/fast/901456,Ecological integrity
147,http://id.worldcat.org/fast/1094469,Remote sensing
148,http://id.worldcat.org/fast/1095983,Restoration ecology
149,http://id.worldcat.org/fast/1201267,Urban wildlife management
150,http://id.worldcat.org/fast/1162404,Urban ecology (Biology)
151,http://id.worldcat.org/fast/1158860,Tundra ecology
152,http://id.worldcat.org/fast/913536,Environmental toxicology
153,http://id.worldcat.org/fast/886282,Cytology
154,http://id.worldcat.org/fast/1024734,Molecular biology
155,http://id.worldcat.org/fast/831961,Biochemistry
156,http://id.worldcat.org/fast/907734,Electroporation
157,http://id.worldcat.org/fast/850190,Cell junctions
158,http://id.worldcat.org/fast/850194,Cell membranes
159,http://id.worldcat.org/fast/850250,Cells
160,http://id.worldcat.org/fast/850189,Cell interaction
161,http://id.worldcat.org/fast/850288,Cellular signal transduction
162,http://id.worldcat.org/fast/850186,Cell division
163,http://id.worldcat.org/fast/1140817,Symmetry (Biology)
164,http://id.worldcat.org/fast/886240,Cytochemistry
165,http://id.worldcat.org/fast/966861,Identification
166,http://id.worldcat.org/fast/1108809,"Science, Renaissance"
167,http://id.worldcat.org/fast/1164940,Vegetation mapping
168,http://id.worldcat.org/fast/1164917,Vegetation and climate
169,http://id.worldcat.org/fast/1239509,Africa
170,http://id.worldcat.org/fast/863569,Classification
171,http://id.worldcat.org/fast/909650,Endangered plants
172,http://id.worldcat.org/fast/1212703,Cameroon
173,http://id.worldcat.org/fast/1068169,Poisonous plants
174,http://id.worldcat.org/fast/1162483,Urban plants
175,http://id.worldcat.org/fast/1242521,Northeastern States
176,http://id.worldcat.org/fast/1173358,Weeds
177,http://id.worldcat.org/fast/1028290,Mountain plants
178,http://id.worldcat.org/fast/1204820,Arizona
179,http://id.worldcat.org/fast/916074,Ethnobotany
180,http://id.worldcat.org/fast/1157485,Tropical plants
181,http://id.worldcat.org/fast/1111109,Seeds
182,http://id.worldcat.org/fast/1239764,Amazon River Region
183,http://id.worldcat.org/fast/1026452,Morphology
184,http://id.worldcat.org/fast/1175085,Wild flowers
185,http://id.worldcat.org/fast/1207649,Wales
186,http://id.worldcat.org/fast/950038,Habitat (Ecology)
187,http://id.worldcat.org/fast/932289,Forest plants
188,http://id.worldcat.org/fast/1210276,India
189,http://id.worldcat.org/fast/1063243,Phytogeography
190,http://id.worldcat.org/fast/932104,Forest ecology
191,http://id.worldcat.org/fast/1204590,Malaysia
192,http://id.worldcat.org/fast/1155979,Tree-rings
193,http://id.worldcat.org/fast/890285,Dendrochronology
194,http://id.worldcat.org/fast/1155984,Trees
195,http://id.worldcat.org/fast/948571,Growth
196,http://id.worldcat.org/fast/1179191,Wood
197,http://id.worldcat.org/fast/1138680,Sunflowers
198,http://id.worldcat.org/fast/838434,Breeding
199,http://id.worldcat.org/fast/946724,Grasses
200,http://id.worldcat.org/fast/1243504,Pacific Area
201,http://id.worldcat.org/fast/1062198,Phragmites australis
202,http://id.worldcat.org/fast/1062196,Phragmites
203,http://id.worldcat.org/fast/860299,Chrysophytes
204,http://id.worldcat.org/fast/892736,Diatoms
205,http://id.worldcat.org/fast/1245058,Eurasia
206,http://id.worldcat.org/fast/835558,Bogs
207,http://id.worldcat.org/fast/892744,"Diatoms, Fossil"
208,http://id.worldcat.org/fast/1287524,Nunavut
209,http://id.worldcat.org/fast/916449,Euglenoids
210,http://id.worldcat.org/fast/820246,Atlases
211,http://id.worldcat.org/fast/1062108,Photosynthesis
212,http://id.worldcat.org/fast/998091,Lichens
213,http://id.worldcat.org/fast/1245645,Polar regions
214,http://id.worldcat.org/fast/1749903,Mountain biodiversity
215,http://id.worldcat.org/fast/1098038,Rinodina
216,http://id.worldcat.org/fast/1204310,Canada
217,http://id.worldcat.org/fast/924138,Filamentous fungi
218,http://id.worldcat.org/fast/936284,Fungal molecular biology
219,http://id.worldcat.org/fast/1031341,Mycorrhizas
220,http://id.worldcat.org/fast/832729,Biotechnology
221,http://id.worldcat.org/fast/1165658,Vesicular-arbuscular mycorrhizas
222,http://id.worldcat.org/fast/1030235,Mushrooms
223,http://id.worldcat.org/fast/800099,Agaricales
224,http://id.worldcat.org/fast/1097137,Rhizosphere
225,http://id.worldcat.org/fast/1124370,Soil ecology
226,http://id.worldcat.org/fast/1100406,Roots (Botany)
227,http://id.worldcat.org/fast/1065637,Plant populations
228,http://id.worldcat.org/fast/1184648,Zoo animals
229,http://id.worldcat.org/fast/1205757,Iraq
230,http://id.worldcat.org/fast/1175418,Wildlife rescue
231,http://id.worldcat.org/fast/1007141,Management
232,http://id.worldcat.org/fast/1175389,Wildlife refuges
233,http://id.worldcat.org/fast/946796,Grassland animals
234,http://id.worldcat.org/fast/1089831,Range management
235,http://id.worldcat.org/fast/1000722,Livestock
236,http://id.worldcat.org/fast/978111,Invertebrates
237,http://id.worldcat.org/fast/974074,Insects
238,http://id.worldcat.org/fast/1242475,North America
239,http://id.worldcat.org/fast/809402,Animal tracks
240,http://id.worldcat.org/fast/1165545,Vertebrates
241,http://id.worldcat.org/fast/974191,Insects as carriers of disease
242,http://id.worldcat.org/fast/974052,Insecticides
243,http://id.worldcat.org/fast/1153364,Toxicology
244,http://id.worldcat.org/fast/1241420,Rocky Mountains
245,http://id.worldcat.org/fast/1119174,Simuliidae
246,http://id.worldcat.org/fast/1206830,Brazil
247,http://id.worldcat.org/fast/843103,Butterflies
248,http://id.worldcat.org/fast/829774,Bees
249,http://id.worldcat.org/fast/948137,Ground beetles
250,http://id.worldcat.org/fast/1241913,New England
251,http://id.worldcat.org/fast/992727,Larvae
252,http://id.worldcat.org/fast/1048752,Osteichthyes
253,http://id.worldcat.org/fast/1062326,Phylogeny
254,http://id.worldcat.org/fast/1048759,"Osteichthyes, Fossil"
255,http://id.worldcat.org/fast/918263,Exotic fishes
256,http://id.worldcat.org/fast/1239753,Mediterranean Sea
257,http://id.worldcat.org/fast/832256,Biological invasions
258,http://id.worldcat.org/fast/977833,Introduced fishes
259,http://id.worldcat.org/fast/1430716,Marine biodiversity conservation
260,http://id.worldcat.org/fast/935029,Freshwater fishes
261,http://id.worldcat.org/fast/806756,Amblyopsidae
262,http://id.worldcat.org/fast/902293,Ecophysiology
263,http://id.worldcat.org/fast/889506,Deep-sea fishes
264,http://id.worldcat.org/fast/1063177,Physiology
265,http://id.worldcat.org/fast/807900,Amphibians
266,http://id.worldcat.org/fast/1095020,Reptiles
267,http://id.worldcat.org/fast/1204304,North Carolina
268,http://id.worldcat.org/fast/1204600,South Carolina
269,http://id.worldcat.org/fast/1204597,Virginia
270,http://id.worldcat.org/fast/1167593,Viperidae
271,http://id.worldcat.org/fast/1068174,Poisonous snakes
272,http://id.worldcat.org/fast/1165238,Venom
273,http://id.worldcat.org/fast/1103735,Salamanders
274,http://id.worldcat.org/fast/1244550,Southern States
275,http://id.worldcat.org/fast/832970,Birds
276,http://id.worldcat.org/fast/833096,Birds of prey
277,http://id.worldcat.org/fast/1204622,Georgia
278,http://id.worldcat.org/fast/832929,Bird populations
279,http://id.worldcat.org/fast/1243265,West Indies
280,http://id.worldcat.org/fast/1245081,Northern Europe
281,http://id.worldcat.org/fast/832948,Bird watching
282,http://id.worldcat.org/fast/1692650,Northern Spain
283,http://id.worldcat.org/fast/1205288,Singapore
284,http://id.worldcat.org/fast/1205310,Thailand
285,http://id.worldcat.org/fast/1204269,New Mexico
286,http://id.worldcat.org/fast/1749366,Migratory birds
287,http://id.worldcat.org/fast/864229,Climatic changes
288,http://id.worldcat.org/fast/943506,Global warming
289,http://id.worldcat.org/fast/1750255,Gray wolf
290,http://id.worldcat.org/fast/1176536,Wolves
291,http://id.worldcat.org/fast/852770,Cheetah
292,http://id.worldcat.org/fast/849374,Cats
293,http://id.worldcat.org/fast/922551,Felidae
294,http://id.worldcat.org/fast/1099527,Rodents
295,http://id.worldcat.org/fast/809079,Animal behavior
296,http://id.worldcat.org/fast/961620,Host-parasite relationships
297,http://id.worldcat.org/fast/808440,Anatomy
298,http://id.worldcat.org/fast/896265,Dogs
299,http://id.worldcat.org/fast/895395,Dissection
300,http://id.worldcat.org/fast/1029953,Muscles
301,http://id.worldcat.org/fast/808455,"Anatomy, Comparative"
302,http://id.worldcat.org/fast/957667,Histologists
303,http://id.worldcat.org/fast/1204565,Italy
304,http://id.worldcat.org/fast/832149,Biography
305,http://id.worldcat.org/fast/1036525,Neuroscientists
306,http://id.worldcat.org/fast/957668,Histology
307,http://id.worldcat.org/fast/1036307,Neuroanatomy
308,http://id.worldcat.org/fast/1036522,Neurosciences in art
309,http://id.worldcat.org/fast/1014168,Medical illustration
310,http://id.worldcat.org/fast/1095760,Respiratory organs
311,http://id.worldcat.org/fast/895158,Diseases
312,http://id.worldcat.org/fast/1042187,Nutrition
313,http://id.worldcat.org/fast/972366,Infertility
314,http://id.worldcat.org/fast/914091,Epidemiology
315,http://id.worldcat.org/fast/1075102,Pregnancy
316,http://id.worldcat.org/fast/1114320,Genetic sex determination
317,http://id.worldcat.org/fast/1114219,Sex (Biology)
318,http://id.worldcat.org/fast/832558,Biomechanics
319,http://id.worldcat.org/fast/963167,Human mechanics
320,http://id.worldcat.org/fast/963159,Human locomotion
321,http://id.worldcat.org/fast/871365,Comparative neurobiology
322,http://id.worldcat.org/fast/1036315,Neurobiology
323,http://id.worldcat.org/fast/898388,Drosophila
324,http://id.worldcat.org/fast/872004,Computational neuroscience
325,http://id.worldcat.org/fast/1081674,Psychophysiology
326,http://id.worldcat.org/fast/1036509,Neurosciences
327,http://id.worldcat.org/fast/962811,Human behavior
328,http://id.worldcat.org/fast/866540,Cognitive neuroscience
329,http://id.worldcat.org/fast/837764,Brain mapping
330,http://id.worldcat.org/fast/837570,Brain
331,http://id.worldcat.org/fast/1005780,Magnetic resonance imaging
332,http://id.worldcat.org/fast/1036436,Neurons
333,http://id.worldcat.org/fast/994826,Learning
334,http://id.worldcat.org/fast/902499,Education
335,http://id.worldcat.org/fast/832620,Biomimetics
336,http://id.worldcat.org/fast/1098997,Robotics
337,http://id.worldcat.org/fast/1085083,Quantum biochemistry
338,http://id.worldcat.org/fast/1079711,Proteins
339,http://id.worldcat.org/fast/940228,Genomics
340,http://id.worldcat.org/fast/1019574,Microbiologists
341,http://id.worldcat.org/fast/1206891,Poland
342,http://id.worldcat.org/fast/1113317,Serology
343,http://id.worldcat.org/fast/834737,Blood groups
344,http://id.worldcat.org/fast/971352,Industrial microbiology
345,http://id.worldcat.org/fast/1019576,Microbiology
346,http://id.worldcat.org/fast/940949,Geomicrobiology
347,http://id.worldcat.org/fast/930974,Food poisoning
348,http://id.worldcat.org/fast/930824,Food handling
349,http://id.worldcat.org/fast/832001,Biodegradation
350,http://id.worldcat.org/fast/1011772,Materials
351,http://id.worldcat.org/fast/815674,Art objects
352,http://id.worldcat.org/fast/1352535,Conservation and restoration
353,http://id.worldcat.org/fast/968006,Immunology
354,http://id.worldcat.org/fast/831936,Biochemical engineering
355,http://id.worldcat.org/fast/832858,Biotransformation (Metabolism)
356,http://id.worldcat.org/fast/1017505,"Metabolism, Secondary"
357,http://id.worldcat.org/fast/832379,Biologists
358,http://id.worldcat.org/fast/1034543,Naturalists
359,http://id.worldcat.org/fast/1185271,Childhood and youth of a person
360,http://id.worldcat.org/fast/832507,"Biology, Economic"
361,http://id.worldcat.org/fast/1749583,Climate change mitigation
362,http://id.worldcat.org/fast/913081,Environmental impact charges
363,http://id.worldcat.org/fast/913443,Environmental responsibility
364,http://id.worldcat.org/fast/1745234,Migratory animals
365,http://id.worldcat.org/fast/976857,International cooperation
366,http://id.worldcat.org/fast/1175295,Wildlife conservation (International law)
367,http://id.worldcat.org/fast/809431,Animal welfare
368,http://id.worldcat.org/fast/1155866,Treaties
369,http://id.worldcat.org/fast/1257195,Himalaya Mountains Region
370,http://id.worldcat.org/fast/1110401,Seashore biology
371,http://id.worldcat.org/fast/1242543,Pacific Northwest
372,http://id.worldcat.org/fast/1205075,Ohio
373,http://id.worldcat.org/fast/932451,Forest reserves
374,http://id.worldcat.org/fast/1108738,Science museums
375,http://id.worldcat.org/fast/1204928,California
376,http://id.worldcat.org/fast/1030128,Museums
377,http://id.worldcat.org/fast/1172660,Waterfronts
378,http://id.worldcat.org/fast/1065224,Planning
379,http://id.worldcat.org/fast/862177,City planning
380,http://id.worldcat.org/fast/1205265,British Columbia
381,http://id.worldcat.org/fast/1008726,Maps
382,http://id.worldcat.org/fast/901445,Ecological disturbances
383,http://id.worldcat.org/fast/1155558,Travel
384,http://id.worldcat.org/fast/1051513,Paleontology
385,http://id.worldcat.org/fast/1205614,Argentina
386,http://id.worldcat.org/fast/1128711,Sparassodonta
387,http://id.worldcat.org/fast/1244515,South America
388,http://id.worldcat.org/fast/847692,"Carnivora, Fossil"
389,http://id.worldcat.org/fast/1204616,South Africa
390,http://id.worldcat.org/fast/1201268,Ecological regions
391,http://id.worldcat.org/fast/832511,"Biology, Experimental"
392,http://id.worldcat.org/fast/1135624,Structural bioinformatics
393,http://id.worldcat.org/fast/1745552,Systems biology
394,http://id.worldcat.org/fast/871990,Computational biology
395,http://id.worldcat.org/fast/832276,Biological models
396,http://id.worldcat.org/fast/832706,Biosphere
397,http://id.worldcat.org/fast/977984,Invasive plants
398,http://id.worldcat.org/fast/1009444,Marine biological invasions
399,http://id.worldcat.org/fast/977836,Introduced organisms
400,http://id.worldcat.org/fast/882407,Creationism
401,http://id.worldcat.org/fast/822442,Authorship
402,http://id.worldcat.org/fast/1014133,Medical genetics
403,http://id.worldcat.org/fast/886555,DNA
404,http://id.worldcat.org/fast/1354981,Social aspects
405,http://id.worldcat.org/fast/1204034,Netherlands
406,http://id.worldcat.org/fast/948442,Group identity
407,http://id.worldcat.org/fast/1033404,"National characteristics, Dutch"
408,http://id.worldcat.org/fast/940001,Genetic counseling
409,http://id.worldcat.org/fast/940101,Genetic transcription
410,http://id.worldcat.org/fast/1154564,Transcription factors
411,http://id.worldcat.org/fast/901452,Ecological genetics
412,http://id.worldcat.org/fast/1065480,Plant hormones
413,http://id.worldcat.org/fast/832703,Biosensors
414,http://id.worldcat.org/fast/1065378,Plant diseases
415,http://id.worldcat.org/fast/972432,Inflammation
416,http://id.worldcat.org/fast/1141544,T cells
417,http://id.worldcat.org/fast/947607,Green fluorescent protein
418,http://id.worldcat.org/fast/1015610,Meiosis
419,http://id.worldcat.org/fast/1014175,Medical informatics
420,http://id.worldcat.org/fast/832519,Bioluminescence assay
421,http://id.worldcat.org/fast/999367,Lipids
422,http://id.worldcat.org/fast/1045995,Ontology
423,http://id.worldcat.org/fast/796474,Adaptation (Biology)
424,http://id.worldcat.org/fast/901439,Ecohydrology
425,http://id.worldcat.org/fast/948209,Groundwater
426,http://id.worldcat.org/fast/965147,Hydrology
427,http://id.worldcat.org/fast/872518,Computer simulation
428,http://id.worldcat.org/fast/888065,Databases
429,http://id.worldcat.org/fast/901466,Ecological succession
430,http://id.worldcat.org/fast/814414,Arid regions ecology
431,http://id.worldcat.org/fast/1139731,Sustainable development
432,http://id.worldcat.org/fast/814397,Arid regions agriculture
433,http://id.worldcat.org/fast/814412,Arid regions climate
434,http://id.worldcat.org/fast/962941,Human ecology
435,http://id.worldcat.org/fast/891196,Desertification
436,http://id.worldcat.org/fast/940627,Geology
437,http://id.worldcat.org/fast/1207035,Louisiana
438,http://id.worldcat.org/fast/932066,Forest canopy ecology
439,http://id.worldcat.org/fast/932063,Forest canopies
440,http://id.worldcat.org/fast/1174157,Wetland ecology
441,http://id.worldcat.org/fast/1243370,"India--India, Northeastern"
442,http://id.worldcat.org/fast/1174133,Wetland conservation
443,http://id.worldcat.org/fast/1174131,Wetland animals
444,http://id.worldcat.org/fast/1009513,Marine ecology
445,http://id.worldcat.org/fast/1740716,Marine ecosystem management
446,http://id.worldcat.org/fast/1009923,Marine resources development
447,http://id.worldcat.org/fast/811988,Aquatic ecology
448,http://id.worldcat.org/fast/1128784,Spatial analysis (Statistics)
449,http://id.worldcat.org/fast/1122456,Social evolution
450,http://id.worldcat.org/fast/1150362,Threshold logic
451,http://id.worldcat.org/fast/943478,Global environmental change
452,http://id.worldcat.org/fast/1034561,Nature
453,http://id.worldcat.org/fast/1198505,Life
454,http://id.worldcat.org/fast/919061,Extreme environments
455,http://id.worldcat.org/fast/809150,Animal ecology
456,http://id.worldcat.org/fast/1240227,Arctic Regions
457,http://id.worldcat.org/fast/1065415,Plant ecology
458,http://id.worldcat.org/fast/809129,Animal communities
459,http://id.worldcat.org/fast/1065339,Plant communities
460,http://id.worldcat.org/fast/1142038,Taiga ecology
461,http://id.worldcat.org/fast/891784,Developmental cytology
462,http://id.worldcat.org/fast/850208,Cell nuclei
463,http://id.worldcat.org/fast/832345,Biological transport
464,http://id.worldcat.org/fast/1040367,Nuclear membranes
465,http://id.worldcat.org/fast/1065336,Plant collectors
466,http://id.worldcat.org/fast/955324,Herbaria
467,http://id.worldcat.org/fast/836862,Botanists
468,http://id.worldcat.org/fast/1206715,Scotland
469,http://id.worldcat.org/fast/1108847,Scientific expeditions
470,http://id.worldcat.org/fast/918968,Extinct plants
471,http://id.worldcat.org/fast/1090176,Rare plants
472,http://id.worldcat.org/fast/918097,Exhibitions
473,http://id.worldcat.org/fast/836840,Botanical illustration
474,http://id.worldcat.org/fast/927909,Flowers in art
475,http://id.worldcat.org/fast/815895,"Art, American"
476,http://id.worldcat.org/fast/1355139,"Themes, motives"
477,http://id.worldcat.org/fast/816244,"Art, European"
478,http://id.worldcat.org/fast/1076812,Prints
479,http://id.worldcat.org/fast/1066168,"Plants, Edible"
480,http://id.worldcat.org/fast/930761,Food crops
481,http://id.worldcat.org/fast/1014866,Medicinal plants
482,http://id.worldcat.org/fast/1011725,"Materia medica, Vegetable"
483,http://id.worldcat.org/fast/1205150,Florida
484,http://id.worldcat.org/fast/1210336,Texas
485,http://id.worldcat.org/fast/1206799,Belize
486,http://id.worldcat.org/fast/1205154,Guatemala
487,http://id.worldcat.org/fast/1205585,Panama
488,http://id.worldcat.org/fast/1111096,Seedlings
489,http://id.worldcat.org/fast/1239786,America
490,http://id.worldcat.org/fast/1208477,Lesotho
491,http://id.worldcat.org/fast/1205793,Botswana
492,http://id.worldcat.org/fast/1047313,Orchids
493,http://id.worldcat.org/fast/1209332,Madagascar
494,http://id.worldcat.org/fast/1071303,Poplar
495,http://id.worldcat.org/fast/963515,Human-plant relationships
496,http://id.worldcat.org/fast/1064887,Pitcher plants
497,http://id.worldcat.org/fast/1035973,Nepenthes
498,http://id.worldcat.org/fast/850907,Cephalotus follicularis
499,http://id.worldcat.org/fast/1026803,Mosses
500,http://id.worldcat.org/fast/936289,Fungi
501,http://id.worldcat.org/fast/804837,Algae
502,http://id.worldcat.org/fast/1019500,Microbial genetics
503,http://id.worldcat.org/fast/899467,Dunaliella
504,http://id.worldcat.org/fast/1031307,Mycology
505,http://id.worldcat.org/fast/1031336,Mycorrhizal fungi
506,http://id.worldcat.org/fast/1031338,Mycorrhizal plants
507,http://id.worldcat.org/fast/1031345,Mycorrhizas in agriculture
508,http://id.worldcat.org/fast/1140734,Symbiosis
509,http://id.worldcat.org/fast/1179535,Wood-decaying fungi
510,http://id.worldcat.org/fast/990588,Lactarius
511,http://id.worldcat.org/fast/1065430,Plant embryology
512,http://id.worldcat.org/fast/1065616,Plant physiology
513,http://id.worldcat.org/fast/1048356,Ornithologists
514,http://id.worldcat.org/fast/1066133,Plants in art
515,http://id.worldcat.org/fast/1184696,Zoology
516,http://id.worldcat.org/fast/1432021,Animal diversity
517,http://id.worldcat.org/fast/1090084,Rare animals
518,http://id.worldcat.org/fast/1006948,Mammals
519,http://id.worldcat.org/fast/918955,Extinct animals
520,http://id.worldcat.org/fast/963482,Human-animal relationships
521,http://id.worldcat.org/fast/809565,Animals and civilization
522,http://id.worldcat.org/fast/1219610,Galapagos Islands
523,http://id.worldcat.org/fast/1737377,Freshwater sponges
524,http://id.worldcat.org/fast/900963,Earthworms
525,http://id.worldcat.org/fast/1165393,Vermicomposting
526,http://id.worldcat.org/fast/900962,Earthworm culture
527,http://id.worldcat.org/fast/1039195,North Pacific giant octopus
528,http://id.worldcat.org/fast/1043842,Octopuses
529,http://id.worldcat.org/fast/1242545,North America--Northwest Coast of North America
530,http://id.worldcat.org/fast/1131136,Squids
531,http://id.worldcat.org/fast/882035,Cowries
532,http://id.worldcat.org/fast/935067,Freshwater mussels
533,http://id.worldcat.org/fast/1009140,Margaritiferidae
534,http://id.worldcat.org/fast/1161401,Unionidae
535,http://id.worldcat.org/fast/1205215,Northern Ireland
536,http://id.worldcat.org/fast/1133927,Stoneflies
537,http://id.worldcat.org/fast/894485,Diptera
538,http://id.worldcat.org/fast/1244535,Central America
539,http://id.worldcat.org/fast/927282,Flies
540,http://id.worldcat.org/fast/1027038,Moths
541,http://id.worldcat.org/fast/1208380,Greece
542,http://id.worldcat.org/fast/829832,Beetles
543,http://id.worldcat.org/fast/1205626,Seychelles
544,http://id.worldcat.org/fast/899482,Dung beetles
545,http://id.worldcat.org/fast/1106526,Scarabaeidae
546,http://id.worldcat.org/fast/1244556,New Southwest
547,http://id.worldcat.org/fast/1009582,Marine fishes
548,http://id.worldcat.org/fast/1274794,Northern Australia
549,http://id.worldcat.org/fast/1240499,Southeast Asia
550,http://id.worldcat.org/fast/1159689,Turtles
551,http://id.worldcat.org/fast/1000950,Lizards
552,http://id.worldcat.org/fast/883866,Crocodilians
553,http://id.worldcat.org/fast/1090368,Rattlesnakes
554,http://id.worldcat.org/fast/935308,Frogs
555,http://id.worldcat.org/fast/1239519,Southern Africa
556,http://id.worldcat.org/fast/1094973,Reproduction
557,http://id.worldcat.org/fast/932053,Forest birds
558,http://id.worldcat.org/fast/1208724,Hawaii
559,http://id.worldcat.org/fast/1743538,Wetland birds
560,http://id.worldcat.org/fast/1242089,Africa--Sahel
561,http://id.worldcat.org/fast/1174194,Wetlands
562,http://id.worldcat.org/fast/1204890,Namibia
563,http://id.worldcat.org/fast/1171557,Water birds
564,http://id.worldcat.org/fast/832969,Birding sites
565,http://id.worldcat.org/fast/1116966,Shore birds
566,http://id.worldcat.org/fast/1240495,Asia
567,http://id.worldcat.org/fast/877479,Cookery (Game)
568,http://id.worldcat.org/fast/1204579,Oregon
569,http://id.worldcat.org/fast/1211575,Jamaica
570,http://id.worldcat.org/fast/1243192,Borneo
571,http://id.worldcat.org/fast/1696894,Eastern Africa
572,http://id.worldcat.org/fast/963726,Hummingbirds
573,http://id.worldcat.org/fast/852303,Charadriiformes
574,http://id.worldcat.org/fast/1057768,Peregrine falcon
575,http://id.worldcat.org/fast/1692641,Western Canada
576,http://id.worldcat.org/fast/1074989,Predation (Biology)
577,http://id.worldcat.org/fast/1198493,Falco
578,http://id.worldcat.org/fast/884331,Crows
579,http://id.worldcat.org/fast/808608,Anecdotes
580,http://id.worldcat.org/fast/1049507,Owls
581,http://id.worldcat.org/fast/1157285,Trogons
582,http://id.worldcat.org/fast/1204480,Alaska
583,http://id.worldcat.org/fast/1204082,Japan
584,http://id.worldcat.org/fast/799923,African wild dog
585,http://id.worldcat.org/fast/1082785,Public opinion
586,http://id.worldcat.org/fast/963517,Human-wolf encounters
587,http://id.worldcat.org/fast/1754648,Tiger
588,http://id.worldcat.org/fast/851577,Cetacea
589,http://id.worldcat.org/fast/1243379,Indian Ocean
590,http://id.worldcat.org/fast/828821,Bats
591,http://id.worldcat.org/fast/942527,Gibbons
592,http://id.worldcat.org/fast/908011,Elephants
593,http://id.worldcat.org/fast/1209419,Zimbabwe
594,http://id.worldcat.org/fast/1175296,Wildlife conservationists
595,http://id.worldcat.org/fast/846627,Capybara
596,http://id.worldcat.org/fast/1029846,Muridae
597,http://id.worldcat.org/fast/1131157,Squirrels
598,http://id.worldcat.org/fast/1053186,Parasitology
599,http://id.worldcat.org/fast/809395,Animal sounds
600,http://id.worldcat.org/fast/1127016,Sound production by animals
601,http://id.worldcat.org/fast/809125,Animal communication
602,http://id.worldcat.org/fast/1127075,Sound symbolism
603,http://id.worldcat.org/fast/866500,Cognition in animals
604,http://id.worldcat.org/fast/996229,Leopard
605,http://id.worldcat.org/fast/1896038,Cadaver in art
606,http://id.worldcat.org/fast/1896063,Human figure in art
607,http://id.worldcat.org/fast/1739186,Plastination
608,http://id.worldcat.org/fast/1015152,Medicine and art
609,http://id.worldcat.org/fast/1120222,Skull
610,http://id.worldcat.org/fast/946843,Grave robbing
611,http://id.worldcat.org/fast/803879,Airway (Medicine)
612,http://id.worldcat.org/fast/853586,Chemoreceptors
613,http://id.worldcat.org/fast/987372,Kidneys
614,http://id.worldcat.org/fast/960232,"Hormones, Sex"
615,http://id.worldcat.org/fast/963260,Human reproductive technology
616,http://id.worldcat.org/fast/1048048,Orgasm
617,http://id.worldcat.org/fast/1744262,Clinical exercise physiology
618,http://id.worldcat.org/fast/1168579,Vocational guidance
619,http://id.worldcat.org/fast/917991,Exercise
620,http://id.worldcat.org/fast/1036056,Nerves
621,http://id.worldcat.org/fast/1036280,Neural transmission
622,http://id.worldcat.org/fast/1036493,Neuropsychology
623,http://id.worldcat.org/fast/872969,Concepts
624,http://id.worldcat.org/fast/882417,Creative ability
625,http://id.worldcat.org/fast/1002769,Love
626,http://id.worldcat.org/fast/1127772,Space perception
627,http://id.worldcat.org/fast/1048155,Orientation (Physiology)
628,http://id.worldcat.org/fast/1048156,Orientation (Psychology)
629,http://id.worldcat.org/fast/809318,Animal orientation
630,http://id.worldcat.org/fast/866538,Cognitive maps (Psychology)
631,http://id.worldcat.org/fast/940459,Geographical perception
632,http://id.worldcat.org/fast/1085086,Quantum chemistry
633,http://id.worldcat.org/fast/832183,Bioinorganic chemistry
634,http://id.worldcat.org/fast/853488,"Chemistry, Inorganic"
635,http://id.worldcat.org/fast/1079705,Protein-protein interactions
636,http://id.worldcat.org/fast/1106813,Schizosaccharomyces pombe
637,http://id.worldcat.org/fast/864654,Clostridium perfringens
638,http://id.worldcat.org/fast/1124483,Soil microbiology
639,http://id.worldcat.org/fast/1019483,Microbial diversity
640,http://id.worldcat.org/fast/967877,Immune system
641,http://id.worldcat.org/fast/967888,Immunity
642,http://id.worldcat.org/fast/835412,"Body, Human"
643,http://id.worldcat.org/fast/832668,Biopolitics
644,http://id.worldcat.org/fast/1014893,Medicine
645,http://id.worldcat.org/fast/1006371,Malaria vaccine
646,http://id.worldcat.org/fast/1022445,Minerals
647,http://id.worldcat.org/fast/1022406,Mineralogy
648,http://id.worldcat.org/fast/1034341,Natural history literature
649,http://id.worldcat.org/fast/937895,Gardens
650,http://id.worldcat.org/fast/1175164,Wilderness areas
651,http://id.worldcat.org/fast/937488,Game protection
652,http://id.worldcat.org/fast/932069,Forest conservation
653,http://id.worldcat.org/fast/1207561,South Africa--Zululand
654,http://id.worldcat.org/fast/1240674,Tropics
655,http://id.worldcat.org/fast/932231,Forest management
656,http://id.worldcat.org/fast/892657,Diaries
657,http://id.worldcat.org/fast/1164929,Vegetation dynamics
658,http://id.worldcat.org/fast/1147332,Temperate climate
659,http://id.worldcat.org/fast/1015450,Mediterranean climate
660,http://id.worldcat.org/fast/1208379,New Jersey
661,http://id.worldcat.org/fast/1204563,Utah
662,http://id.worldcat.org/fast/1204583,Wyoming
663,http://id.worldcat.org/fast/1205604,Costa Rica
664,http://id.worldcat.org/fast/1205916,Colombia
665,http://id.worldcat.org/fast/935020,Freshwater ecology
666,http://id.worldcat.org/fast/1028254,Mountain ecology
667,http://id.worldcat.org/fast/869839,Commons
668,http://id.worldcat.org/fast/1733149,South Africa--Cape Town--Rondebosch
669,http://id.worldcat.org/fast/888037,Database management
670,http://id.worldcat.org/fast/1024792,Molecular evolution
671,http://id.worldcat.org/fast/998188,Life (Biology)
672,http://id.worldcat.org/fast/893760,Dignity
673,http://id.worldcat.org/fast/1014505,Medical policy
674,http://id.worldcat.org/fast/1145002,Technological innovations
675,http://id.worldcat.org/fast/815430,Art and science
676,http://id.worldcat.org/fast/846810,Carbon cycle (Biogeochemistry)
677,http://id.worldcat.org/fast/1093848,Religion and science
678,http://id.worldcat.org/fast/979776,Islam
679,http://id.worldcat.org/fast/964538,"Hybridization, Vegetable"
680,http://id.worldcat.org/fast/912999,Environmental health
681,http://id.worldcat.org/fast/940097,Genetic toxicology
682,http://id.worldcat.org/fast/939625,Gene mapping
683,http://id.worldcat.org/fast/999258,Linkage (Genetics)
684,http://id.worldcat.org/fast/894589,Directories
685,http://id.worldcat.org/fast/1269470,European Union countries
686,http://id.worldcat.org/fast/940225,Genomes
687,http://id.worldcat.org/fast/1041106,Nucleotide sequence
688,http://id.worldcat.org/fast/1058072,Periodicals
689,http://id.worldcat.org/fast/1024846,Molecular structure
690,http://id.worldcat.org/fast/1159893,Two-dimensional electrophoresis
691,http://id.worldcat.org/fast/939638,Gene therapy
692,http://id.worldcat.org/fast/1014534,Medical protocols
693,http://id.worldcat.org/fast/1176458,Wnt proteins
694,http://id.worldcat.org/fast/1176457,Wnt genes
695,http://id.worldcat.org/fast/850188,Cell hybridization
696,http://id.worldcat.org/fast/1049566,Oxidative stress
697,http://id.worldcat.org/fast/1024786,Molecular ecology
698,http://id.worldcat.org/fast/901443,Ecological assessment (Biology)
699,http://id.worldcat.org/fast/980097,Island ecology
700,http://id.worldcat.org/fast/1012085,Mathematical models
701,http://id.worldcat.org/fast/1012163,Mathematics
702,http://id.worldcat.org/fast/901461,Ecological risk assessment
703,http://id.worldcat.org/fast/915685,Estuarine ecology
704,http://id.worldcat.org/fast/915720,Estuarine reserves
705,http://id.worldcat.org/fast/913214,Environmental monitoring
706,http://id.worldcat.org/fast/1089435,Rain forest animals
707,http://id.worldcat.org/fast/1089437,Rain forest conservation
708,http://id.worldcat.org/fast/1205578,Ecuador
709,http://id.worldcat.org/fast/932632,Forests and forestry
710,http://id.worldcat.org/fast/1009907,Marine resources conservation
711,http://id.worldcat.org/fast/926257,"Fishery management, International"
712,http://id.worldcat.org/fast/1171955,Water resources development
713,http://id.worldcat.org/fast/994049,Law of the sea
714,http://id.worldcat.org/fast/1044773,Oil spills
715,http://id.worldcat.org/fast/1153531,Trace elements
716,http://id.worldcat.org/fast/1065334,Plant collecting
717,http://id.worldcat.org/fast/1177368,Women botanists
718,http://id.worldcat.org/fast/812737,Araucaria
719,http://id.worldcat.org/fast/885014,Cultural property
720,http://id.worldcat.org/fast/1031701,Mythology
721,http://id.worldcat.org/fast/836859,Botanical specimens
722,http://id.worldcat.org/fast/960791,Horticulture
723,http://id.worldcat.org/fast/1066244,"Plants, Useful"
724,http://id.worldcat.org/fast/1175127,"Wild plants, Edible"
725,http://id.worldcat.org/fast/1153974,Traditional medicine
726,http://id.worldcat.org/fast/1081847,Psychotropic plants
727,http://id.worldcat.org/fast/1206073,China
728,http://id.worldcat.org/fast/1205504,South Africa--Namaqualand
729,http://id.worldcat.org/fast/1117864,Shrublands
730,http://id.worldcat.org/fast/936823,Fynbos
731,http://id.worldcat.org/fast/937852,Gardening
732,http://id.worldcat.org/fast/805889,Aloe
733,http://id.worldcat.org/fast/1200715,Asphodelaceae
734,http://id.worldcat.org/fast/843694,Cactus
735,http://id.worldcat.org/fast/800124,Agaves
736,http://id.worldcat.org/fast/1183745,Yucca
737,http://id.worldcat.org/fast/1205660,Nevada
738,http://id.worldcat.org/fast/1204788,New South Wales
739,http://id.worldcat.org/fast/1210251,Colorado
740,http://id.worldcat.org/fast/794934,Acacia
741,http://id.worldcat.org/fast/1051793,Palms
742,http://id.worldcat.org/fast/827148,Banksia
743,http://id.worldcat.org/fast/1079608,Proteaceae
744,http://id.worldcat.org/fast/866043,Coccolithophores
745,http://id.worldcat.org/fast/844023,Calcification
746,http://id.worldcat.org/fast/1201831,Water acidification
747,http://id.worldcat.org/fast/934993,Freshwater algae
748,http://id.worldcat.org/fast/1065268,Plant anatomy
749,http://id.worldcat.org/fast/1065375,Plant cytoskeleton
750,http://id.worldcat.org/fast/836819,Botanical chemistry
751,http://id.worldcat.org/fast/950710,Halophytes
752,http://id.worldcat.org/fast/1104314,Salt-tolerant crops
753,http://id.worldcat.org/fast/1031551,Myrmecophilous plants
754,http://id.worldcat.org/fast/810896,Ants
755,http://id.worldcat.org/fast/1065465,Plant genomes
756,http://id.worldcat.org/fast/1065459,Plant genetics
757,http://id.worldcat.org/fast/1184692,Zoologists
758,http://id.worldcat.org/fast/901271,Eccentrics and eccentricities
759,http://id.worldcat.org/fast/809385,Animal sanctuaries
760,http://id.worldcat.org/fast/1009386,Marine animals
761,http://id.worldcat.org/fast/1205325,Mauritius
762,http://id.worldcat.org/fast/1205362,Chile
763,http://id.worldcat.org/fast/1103324,Safaris
764,http://id.worldcat.org/fast/1239511,"Africa, East"
765,http://id.worldcat.org/fast/1175441,Wildlife watching
766,http://id.worldcat.org/fast/1024905,Mollusks
767,http://id.worldcat.org/fast/1205261,Philippines
768,http://id.worldcat.org/fast/1129749,Spiders
769,http://id.worldcat.org/fast/812023,Aquatic insects
770,http://id.worldcat.org/fast/1136268,Sturgeons
771,http://id.worldcat.org/fast/925862,Fish habitat improvement
772,http://id.worldcat.org/fast/1090083,Rare amphibians
773,http://id.worldcat.org/fast/1121833,Snakes
774,http://id.worldcat.org/fast/1036179,Nests
775,http://id.worldcat.org/fast/1244080,Caribbean Area
776,http://id.worldcat.org/fast/1034506,Natural resources conservation areas
777,http://id.worldcat.org/fast/1090092,Rare birds
778,http://id.worldcat.org/fast/910709,English
779,http://id.worldcat.org/fast/1048358,Ornithology
780,http://id.worldcat.org/fast/1006944,Mammalogy
781,http://id.worldcat.org/fast/881354,Counting
782,http://id.worldcat.org/fast/1109988,Sea birds
783,http://id.worldcat.org/fast/949334,Gulls
784,http://id.worldcat.org/fast/809325,Animal populations
785,http://id.worldcat.org/fast/882180,Cranes (Birds)
786,http://id.worldcat.org/fast/1174884,Whooping crane
787,http://id.worldcat.org/fast/1090401,Ravens
788,http://id.worldcat.org/fast/1138222,Sula
789,http://id.worldcat.org/fast/1002373,Longevity
790,http://id.worldcat.org/fast/799794,African gray parrot
791,http://id.worldcat.org/fast/827656,Barn owl
792,http://id.worldcat.org/fast/942479,Giant panda
793,http://id.worldcat.org/fast/1052018,Pandas
794,http://id.worldcat.org/fast/948013,Grizzly bear
795,http://id.worldcat.org/fast/1025486,Monkeys
796,http://id.worldcat.org/fast/811248,Apes
797,http://id.worldcat.org/fast/1743750,Brown mouse lemur
798,http://id.worldcat.org/fast/944991,Gorilla
799,http://id.worldcat.org/fast/1205420,Gabon
800,http://id.worldcat.org/fast/857088,Chimpanzees
801,http://id.worldcat.org/fast/1157448,Tropical fruit
802,http://id.worldcat.org/fast/1060498,Phenology
803,http://id.worldcat.org/fast/950802,Hamsters
804,http://id.worldcat.org/fast/1090173,Rare mammals
805,http://id.worldcat.org/fast/908861,Emotions in animals
806,http://id.worldcat.org/fast/1081577,"Psychology, Comparative"
807,http://id.worldcat.org/fast/915833,Ethics
808,http://id.worldcat.org/fast/814139,Arctic fox
809,http://id.worldcat.org/fast/794451,"Abnormalities, Human"
810,http://id.worldcat.org/fast/933820,Freak shows
811,http://id.worldcat.org/fast/962865,Human biology
812,http://id.worldcat.org/fast/1005694,Magnetic fields
813,http://id.worldcat.org/fast/1038768,Nonionizing radiation
814,http://id.worldcat.org/fast/1166160,Vibration
815,http://id.worldcat.org/fast/971664,Industrial safety
816,http://id.worldcat.org/fast/941257,Geriatrics
817,http://id.worldcat.org/fast/800293,Aging
818,http://id.worldcat.org/fast/1199093,Older people
819,http://id.worldcat.org/fast/1919811,Social conditions
820,http://id.worldcat.org/fast/1199294,Older athletes
821,http://id.worldcat.org/fast/1042325,Nutritionally induced diseases
822,http://id.worldcat.org/fast/952743,Health
823,http://id.worldcat.org/fast/893585,Digestive organs
824,http://id.worldcat.org/fast/893579,Digestion
825,http://id.worldcat.org/fast/909749,Endocrinology
826,http://id.worldcat.org/fast/854780,Childbirth
827,http://id.worldcat.org/fast/833148,Birth control
828,http://id.worldcat.org/fast/1130746,Sports sciences
829,http://id.worldcat.org/fast/1168739,Voice
830,http://id.worldcat.org/fast/1126935,Sound
831,http://id.worldcat.org/fast/1036271,Neural networks (Neurobiology)
832,http://id.worldcat.org/fast/963142,Human information processing
833,http://id.worldcat.org/fast/891810,Developmental neurobiology
834,http://id.worldcat.org/fast/854393,Child development
835,http://id.worldcat.org/fast/893716,Digital media
836,http://id.worldcat.org/fast/1354086,Psychological aspects
837,http://id.worldcat.org/fast/1036479,Neuroplasticity
838,http://id.worldcat.org/fast/875441,Consciousness
839,http://id.worldcat.org/fast/1732884,Self-consciousness (Awareness)
840,http://id.worldcat.org/fast/831875,Binding sites (Biochemistry)
841,http://id.worldcat.org/fast/850214,Cell physiology
842,http://id.worldcat.org/fast/913605,Enzymes
843,http://id.worldcat.org/fast/913635,Enzymology
844,http://id.worldcat.org/fast/886184,Cysteine proteinases
845,http://id.worldcat.org/fast/1743927,Cystatins
846,http://id.worldcat.org/fast/886592,DNA microarrays
847,http://id.worldcat.org/fast/825257,Bacteriology
848,http://id.worldcat.org/fast/825152,Bacteria
849,http://id.worldcat.org/fast/825256,Bacteriologists
850,http://id.worldcat.org/fast/1210143,Tanzania
851,http://id.worldcat.org/fast/1014362,Medical microbiology
852,http://id.worldcat.org/fast/1163573,Vaccines
853,http://id.worldcat.org/fast/794025,AIDS vaccines
854,http://id.worldcat.org/fast/1105861,Saturniidae
855,http://id.worldcat.org/fast/964535,Hybridization
856,http://id.worldcat.org/fast/1210278,Belgium
857,http://id.worldcat.org/fast/1034333,Natural history illustration
858,http://id.worldcat.org/fast/1024733,Molecular biologists
859,http://id.worldcat.org/fast/1204537,Sweden
860,http://id.worldcat.org/fast/1204901,Austria
861,http://id.worldcat.org/fast/848831,Catalogs
862,http://id.worldcat.org/fast/894097,Diorama
863,http://id.worldcat.org/fast/1144058,Taxidermy
864,http://id.worldcat.org/fast/918969,Extinction (Biology)
865,http://id.worldcat.org/fast/913543,Environmentalism
866,http://id.worldcat.org/fast/875502,Conservation of natural resources
867,http://id.worldcat.org/fast/916208,Ethnoscience
868,http://id.worldcat.org/fast/913122,Environmental law
869,http://id.worldcat.org/fast/924349,Finance
870,http://id.worldcat.org/fast/875578,Conservationists
871,http://id.worldcat.org/fast/1692640,Northern Canada
872,http://id.worldcat.org/fast/1206102,Nepal
873,http://id.worldcat.org/fast/865756,Coastal zone management
874,http://id.worldcat.org/fast/1009826,Marine pollution
875,http://id.worldcat.org/fast/1273920,Tristan da Cunha
876,http://id.worldcat.org/fast/1134567,Stream ecology
877,http://id.worldcat.org/fast/1744739,Biopiracy
878,http://id.worldcat.org/fast/1111053,Seed exchanges
879,http://id.worldcat.org/fast/1205331,Liberia
880,http://id.worldcat.org/fast/936824,Fynbos ecology
881,http://id.worldcat.org/fast/1020051,Microscopes
882,http://id.worldcat.org/fast/1081447,Psychology
883,http://id.worldcat.org/fast/967624,Imaging systems in biology
884,http://id.worldcat.org/fast/1128992,Specialists
885,http://id.worldcat.org/fast/805256,Alien plants
886,http://id.worldcat.org/fast/977831,Introduced animals
887,http://id.worldcat.org/fast/1038764,Nonindigenous pests
888,http://id.worldcat.org/fast/1150249,Thought and thinking
889,http://id.worldcat.org/fast/975914,Intelligent design (Teleology)
890,http://id.worldcat.org/fast/955412,Heredity
891,http://id.worldcat.org/fast/861066,Church work with people with disabilities
892,http://id.worldcat.org/fast/1164189,Variation (Biology)
893,http://id.worldcat.org/fast/940107,Genetic vectors
894,http://id.worldcat.org/fast/864579,Cloning
895,http://id.worldcat.org/fast/896483,Dolly (Sheep)
896,http://id.worldcat.org/fast/1154666,Transgenic animals
897,http://id.worldcat.org/fast/939652,Genealogy
898,http://id.worldcat.org/fast/891808,Developmental genetics
899,http://id.worldcat.org/fast/977644,Interviews
900,http://id.worldcat.org/fast/1079699,Protein microarrays
901,http://id.worldcat.org/fast/832202,Biological control systems
902,http://id.worldcat.org/fast/832694,Bioremediation
903,http://id.worldcat.org/fast/991909,Landscape ecology
904,http://id.worldcat.org/fast/991873,Landscape changes
905,http://id.worldcat.org/fast/812903,Archaeological geology
906,http://id.worldcat.org/fast/991305,Land settlement
907,http://id.worldcat.org/fast/940469,Geography
908,http://id.worldcat.org/fast/1239752,Mediterranean Region
909,http://id.worldcat.org/fast/902025,Economic policy
910,http://id.worldcat.org/fast/1034403,Natural resources
911,http://id.worldcat.org/fast/962878,Human capital
912,http://id.worldcat.org/fast/1106335,Scaling (Social sciences)
913,http://id.worldcat.org/fast/1128793,Spatial ecology
914,http://id.worldcat.org/fast/965125,Hydrologic models
915,http://id.worldcat.org/fast/1171900,Water quality management
916,http://id.worldcat.org/fast/1013112,Meadow ecology
917,http://id.worldcat.org/fast/1013121,Meadows
918,http://id.worldcat.org/fast/979502,Irrigation
919,http://id.worldcat.org/fast/850182,Cell differentiation
920,http://id.worldcat.org/fast/901474,Ecologists
921,http://id.worldcat.org/fast/1208741,Ghana
922,http://id.worldcat.org/fast/1015196,"Medicine, Ayurvedic"
923,http://id.worldcat.org/fast/1206063,Lebanon
924,http://id.worldcat.org/fast/1015462,Mediterranean-type ecosystems
925,http://id.worldcat.org/fast/1206058,California--Nevada County
926,http://id.worldcat.org/fast/1215713,California--Placer County
927,http://id.worldcat.org/fast/1205805,Cuba
928,http://id.worldcat.org/fast/1117866,Shrubs
929,http://id.worldcat.org/fast/1104725,San (African people)
930,http://id.worldcat.org/fast/1153965,Traditional ecological knowledge
931,http://id.worldcat.org/fast/1065570,"Plant names, Popular"
932,http://id.worldcat.org/fast/1208718,Kenya
933,http://id.worldcat.org/fast/836952,"Botany, Economic"
934,http://id.worldcat.org/fast/1432075,Plant diversity
935,http://id.worldcat.org/fast/909705,Endemic plants
936,http://id.worldcat.org/fast/1169308,Voyages and travels
937,http://id.worldcat.org/fast/949655,Gymnosperms
938,http://id.worldcat.org/fast/1182758,Yew
939,http://id.worldcat.org/fast/888180,Dawn redwood
940,http://id.worldcat.org/fast/1018324,Metasequoia
941,http://id.worldcat.org/fast/927866,Flowers
942,http://id.worldcat.org/fast/1149963,Thevetia
943,http://id.worldcat.org/fast/1205229,Nigeria
944,http://id.worldcat.org/fast/1061933,Photography of plants
945,http://id.worldcat.org/fast/1103461,Saguaro
946,http://id.worldcat.org/fast/1211700,Mexico
947,http://id.worldcat.org/fast/982051,Jatropha
948,http://id.worldcat.org/fast/945013,Gorse
949,http://id.worldcat.org/fast/886233,Cytisus
950,http://id.worldcat.org/fast/954018,Heathlands
951,http://id.worldcat.org/fast/954016,Heathland ecology
952,http://id.worldcat.org/fast/1090361,Rattan palms
953,http://id.worldcat.org/fast/1081880,Pteridophyta
954,http://id.worldcat.org/fast/1244830,Europe--British Isles
955,http://id.worldcat.org/fast/1031306,Mycologists
956,http://id.worldcat.org/fast/940114,Geneticists
957,http://id.worldcat.org/fast/1108895,Scientists
958,http://id.worldcat.org/fast/1036544,Neurospora
959,http://id.worldcat.org/fast/1066172,"Plants, Flowering of"
960,http://id.worldcat.org/fast/1065426,Plant ecophysiology
961,http://id.worldcat.org/fast/894959,Discoveries in science
962,http://id.worldcat.org/fast/805520,Allelopathic agents
963,http://id.worldcat.org/fast/805522,Allelopathy
964,http://id.worldcat.org/fast/939885,"Generations, Alternating"
965,http://id.worldcat.org/fast/1065515,Plant life cycles
966,http://id.worldcat.org/fast/1065562,Plant molecular genetics
967,http://id.worldcat.org/fast/955654,Herpetologists
968,http://id.worldcat.org/fast/1110164,Sea turtles
969,http://id.worldcat.org/fast/844783,Camouflage (Biology)
970,http://id.worldcat.org/fast/1175440,Wildlife viewing sites
971,http://id.worldcat.org/fast/1208730,Sri Lanka
972,http://id.worldcat.org/fast/863049,"Civilization, Medieval"
973,http://id.worldcat.org/fast/1020301,Middle Ages
974,http://id.worldcat.org/fast/1011739,Material culture
975,http://id.worldcat.org/fast/1737955,Zoological surveys
976,http://id.worldcat.org/fast/1184673,Zoogeography
977,http://id.worldcat.org/fast/1068156,Poisonous animals
978,http://id.worldcat.org/fast/1068160,Poisonous arthropoda
979,http://id.worldcat.org/fast/1063326,Phytoseiidae
980,http://id.worldcat.org/fast/1043885,Odonata
981,http://id.worldcat.org/fast/829545,Bee culture
982,http://id.worldcat.org/fast/1204542,New Zealand
983,http://id.worldcat.org/fast/1131072,Squamata
984,http://id.worldcat.org/fast/1035341,Neck
985,http://id.worldcat.org/fast/1240131,Arabian Peninsula
986,http://id.worldcat.org/fast/868814,Colubridae
987,http://id.worldcat.org/fast/846613,Captive wild birds
988,http://id.worldcat.org/fast/1211577,Trinidad and Tobago
989,http://id.worldcat.org/fast/1205190,Peru
990,http://id.worldcat.org/fast/1243628,East Asia
991,http://id.worldcat.org/fast/832941,Bird refuges
992,http://id.worldcat.org/fast/1205830,Ethiopia
993,http://id.worldcat.org/fast/1239992,Antarctica
994,http://id.worldcat.org/fast/1056887,Penguins
995,http://id.worldcat.org/fast/908894,Emperor penguin
996,http://id.worldcat.org/fast/804176,Albatrosses
997,http://id.worldcat.org/fast/1106558,Scarlet ibis
998,http://id.worldcat.org/fast/1126064,Songbirds
999,http://id.worldcat.org/fast/980899,Ivory-billed woodpecker
1000,http://id.worldcat.org/fast/1048876,Ostriches
1001,http://id.worldcat.org/fast/943913,Gnus
1002,http://id.worldcat.org/fast/1097073,Rhinoceroses
1003,http://id.worldcat.org/fast/1074996,Predatory animals
1004,http://id.worldcat.org/fast/1112556,Sense organs
1005,http://id.worldcat.org/fast/1121562,Smell
1006,http://id.worldcat.org/fast/1038354,Noise
1007,http://id.worldcat.org/fast/861558,Circadian rhythms
1008,http://id.worldcat.org/fast/1030016,Musculoskeletal system
1009,http://id.worldcat.org/fast/1130432,Sports
1010,http://id.worldcat.org/fast/1129153,Speech
1011,http://id.worldcat.org/fast/1015913,Memory
1012,http://id.worldcat.org/fast/837713,Brain chemistry
1013,http://id.worldcat.org/fast/1120819,Sleep
1014,http://id.worldcat.org/fast/1120853,Sleep in art
1015,http://id.worldcat.org/fast/1198490,Dreams
1016,http://id.worldcat.org/fast/897910,Dreams in art
1017,http://id.worldcat.org/fast/1112562,Senses and sensation
1018,http://id.worldcat.org/fast/1057622,Perception
1019,http://id.worldcat.org/fast/1112553,Sense (Philosophy)
1020,http://id.worldcat.org/fast/1108517,Science and civilization
1021,http://id.worldcat.org/fast/1008230,Manuscripts
1022,http://id.worldcat.org/fast/1063168,Physiological optics
1023,http://id.worldcat.org/fast/1167852,Vision
1024,http://id.worldcat.org/fast/919113,Eye
1025,http://id.worldcat.org/fast/831989,Biochemists
1026,http://id.worldcat.org/fast/1210272,Germany
1027,http://id.worldcat.org/fast/853570,Chemists
1028,http://id.worldcat.org/fast/982979,Jewish scientists
1029,http://id.worldcat.org/fast/918139,Exiles
1030,http://id.worldcat.org/fast/807622,Amino acids
1031,http://id.worldcat.org/fast/974479,Insulin
1032,http://id.worldcat.org/fast/892147,Diabetes
1033,http://id.worldcat.org/fast/807613,Amino acid sequence
1034,http://id.worldcat.org/fast/1058226,Perl (Computer program language)
1035,http://id.worldcat.org/fast/943768,Glycoconjugates
1036,http://id.worldcat.org/fast/846754,Carbohydrates
1037,http://id.worldcat.org/fast/1154502,Trans fatty acids
1038,http://id.worldcat.org/fast/999388,Lipids in human nutrition
1039,http://id.worldcat.org/fast/1168215,Vitamin D in human nutrition
1040,http://id.worldcat.org/fast/893336,Dietary supplements
1041,http://id.worldcat.org/fast/832670,Biopolymers
1042,http://id.worldcat.org/fast/968005,Immunologists
1043,http://id.worldcat.org/fast/1167670,Virology
1044,http://id.worldcat.org/fast/1742718,Macrophage migration inhibitory factor
1045,http://id.worldcat.org/fast/793808,AIDS (Disease)
1046,http://id.worldcat.org/fast/949871,HIV infections
1047,http://id.worldcat.org/fast/949837,HIV (Viruses)
1048,http://id.worldcat.org/fast/1076986,Prions
1049,http://id.worldcat.org/fast/1103039,Saccharomyces cerevisiae
1050,http://id.worldcat.org/fast/931463,"Footprints, Fossil"
1051,http://id.worldcat.org/fast/932432,Forest protection
1052,http://id.worldcat.org/fast/913186,Environmental management
1053,http://id.worldcat.org/fast/1165065,Veld
1054,http://id.worldcat.org/fast/1054733,Pasture ecology
1055,http://id.worldcat.org/fast/800685,Agricultural ecology
1056,http://id.worldcat.org/fast/800596,Agricultural conservation
1057,http://id.worldcat.org/fast/946979,Grazing
1058,http://id.worldcat.org/fast/909697,Endemic animals
1059,http://id.worldcat.org/fast/1165418,Vernal pools
1060,http://id.worldcat.org/fast/1165416,Vernal pool ecology
1061,http://id.worldcat.org/fast/1214200,California--Sacramento County
1062,http://id.worldcat.org/fast/1204307,Massachusetts
1063,http://id.worldcat.org/fast/833119,Birdsongs
1064,http://id.worldcat.org/fast/1210402,England--Somerset
1065,http://id.worldcat.org/fast/1239521,West Africa
1066,http://id.worldcat.org/fast/1737875,Aquatic biodiversity
1067,http://id.worldcat.org/fast/1007671,Mangrove ecology
1068,http://id.worldcat.org/fast/1097334,Rice
1069,http://id.worldcat.org/fast/875028,Confocal microscopy
1070,http://id.worldcat.org/fast/1068319,Polarizing microscopes
1071,http://id.worldcat.org/fast/1028963,Multiphoton excitation microscopy
1072,http://id.worldcat.org/fast/832336,Biological systems
1073,http://id.worldcat.org/fast/940936,"Geometry, Projective"
1074,http://id.worldcat.org/fast/1060531,Phenotype
1075,http://id.worldcat.org/fast/1166063,Veterinary physiology
1076,http://id.worldcat.org/fast/1065557,Plant molecular biology
1077,http://id.worldcat.org/fast/1032927,Narration (Rhetoric)
1078,http://id.worldcat.org/fast/970196,Indicators (Biology)
1079,http://id.worldcat.org/fast/1242969,Developing countries
1080,http://id.worldcat.org/fast/1058555,Persistent pollutants
1081,http://id.worldcat.org/fast/946816,Grassland restoration
1082,http://id.worldcat.org/fast/1204289,France
1083,http://id.worldcat.org/fast/1161597,Universities and colleges
1084,http://id.worldcat.org/fast/865723,Coastal ecology
1085,http://id.worldcat.org/fast/865699,Coast changes
1086,http://id.worldcat.org/fast/940955,Geomorphology
1087,http://id.worldcat.org/fast/1204303,Spain
1088,http://id.worldcat.org/fast/865801,Coasts
1089,http://id.worldcat.org/fast/829107,Beaches
1090,http://id.worldcat.org/fast/913324,Environmental protection
1091,http://id.worldcat.org/fast/1160745,Ultraviolet radiation
1092,http://id.worldcat.org/fast/1125164,Solar radiation
1093,http://id.worldcat.org/fast/1049764,Ozone layer depletion
1094,http://id.worldcat.org/fast/908443,Embryonic stem cells
1095,http://id.worldcat.org/fast/955373,Herbs
1096,http://id.worldcat.org/fast/1242368,Samoan Islands
1097,http://id.worldcat.org/fast/1092370,Reference books
1098,http://id.worldcat.org/fast/1353832,Miscellanea
1099,http://id.worldcat.org/fast/836816,Botanical artists
1100,http://id.worldcat.org/fast/1047711,Organic gardening
1101,http://id.worldcat.org/fast/815031,Aromatic plants
1102,http://id.worldcat.org/fast/814419,Arid regions plants
1103,http://id.worldcat.org/fast/1164925,Vegetation classification
1104,http://id.worldcat.org/fast/1209242,Indonesia
1105,http://id.worldcat.org/fast/1179777,Woodland garden plants
1106,http://id.worldcat.org/fast/1205049,Victoria
1107,http://id.worldcat.org/fast/1204261,Queensland
1108,http://id.worldcat.org/fast/1089457,Rain forest plants
1109,http://id.worldcat.org/fast/869781,Common dandelion
1110,http://id.worldcat.org/fast/1241921,New Guinea
1111,http://id.worldcat.org/fast/1052016,Pandanus
1112,http://id.worldcat.org/fast/839915,Bryophytes
1113,http://id.worldcat.org/fast/998083,Lichenicolous fungi
1114,http://id.worldcat.org/fast/1205669,Jordan
1115,http://id.worldcat.org/fast/1065318,Plant cells and tissues
1116,http://id.worldcat.org/fast/1134604,Stream plants
1117,http://id.worldcat.org/fast/1155955,Tree planting
1118,http://id.worldcat.org/fast/1209421,Malawi
1119,http://id.worldcat.org/fast/846873,Carbon sequestration
1120,http://id.worldcat.org/fast/1139767,Sustainable forestry
1121,http://id.worldcat.org/fast/886588,DNA fingerprinting of plants
1122,http://id.worldcat.org/fast/1151477,Tissue banks
1123,http://id.worldcat.org/fast/942182,"Germplasm resources, Plant"
1124,http://id.worldcat.org/fast/940092,Genetic resources conservation
1125,http://id.worldcat.org/fast/809320,Animal painters
1126,http://id.worldcat.org/fast/912732,Entomologists
1127,http://id.worldcat.org/fast/1184777,Zoos
1128,http://id.worldcat.org/fast/809364,Animal rights
1129,http://id.worldcat.org/fast/1175414,Wildlife relocation
1130,http://id.worldcat.org/fast/1175055,Wild animal collecting
1131,http://id.worldcat.org/fast/846604,Captive wild animals
1132,http://id.worldcat.org/fast/1044529,Oil and gas leases
1133,http://id.worldcat.org/fast/1100647,Rotifera
1134,http://id.worldcat.org/fast/1098507,Roadkill
1135,http://id.worldcat.org/fast/1147923,Termites
1136,http://id.worldcat.org/fast/1239520,Sub-Saharan Africa
1137,http://id.worldcat.org/fast/996288,Lepidoptera
1138,http://id.worldcat.org/fast/1119860,Size judgment
1139,http://id.worldcat.org/fast/841580,Bumblebees
1140,http://id.worldcat.org/fast/1104075,Salmon
1141,http://id.worldcat.org/fast/926017,Fish culture
1142,http://id.worldcat.org/fast/991159,Lampreys
1143,http://id.worldcat.org/fast/1205530,El Salvador
1144,http://id.worldcat.org/fast/1204144,Solomon Islands
1145,http://id.worldcat.org/fast/1205834,Bahamas
1146,http://id.worldcat.org/fast/1215557,Turks and Caicos Islands
1147,http://id.worldcat.org/fast/1206148,Dominican Republic
1148,http://id.worldcat.org/fast/1205135,Haiti
1149,http://id.worldcat.org/fast/1245079,Eastern Europe
1150,http://id.worldcat.org/fast/1242982,Oceania
1151,http://id.worldcat.org/fast/809412,Animal traps
1152,http://id.worldcat.org/fast/1068257,Polar bear
1153,http://id.worldcat.org/fast/1068262,Polar bear in art
1154,http://id.worldcat.org/fast/829302,Bears
1155,http://id.worldcat.org/fast/818724,Asiatic elephant
1156,http://id.worldcat.org/fast/806966,American bison
1157,http://id.worldcat.org/fast/806977,American bison hunting
1158,http://id.worldcat.org/fast/959364,Home range (Animal geography)
1159,http://id.worldcat.org/fast/920613,Famous animals
1160,http://id.worldcat.org/fast/809593,Animals in the performing arts
1161,http://id.worldcat.org/fast/1140419,Swine
1162,http://id.worldcat.org/fast/834794,Blood pressure
1163,http://id.worldcat.org/fast/1110707,Secretion
1164,http://id.worldcat.org/fast/985831,Kallikrein
1165,http://id.worldcat.org/fast/1073293,Potassium
1166,http://id.worldcat.org/fast/802066,Air
1167,http://id.worldcat.org/fast/1070069,Pollution
1168,http://id.worldcat.org/fast/1054113,Particles
1169,http://id.worldcat.org/fast/798589,Aerosols
1170,http://id.worldcat.org/fast/1022478,Minerals in nutrition
1171,http://id.worldcat.org/fast/1124842,Soils and nutrition
1172,http://id.worldcat.org/fast/1124490,Soil mineralogy
1173,http://id.worldcat.org/fast/963030,Human evolution
1174,http://id.worldcat.org/fast/885059,Culture
1175,http://id.worldcat.org/fast/851282,Cerebral dominance
1176,http://id.worldcat.org/fast/992962,Laterality
1177,http://id.worldcat.org/fast/1027564,Motor ability
1178,http://id.worldcat.org/fast/866457,Cognition
1179,http://id.worldcat.org/fast/1151484,Tissue engineering
1180,http://id.worldcat.org/fast/928131,Fluorescent probes
1181,http://id.worldcat.org/fast/1741807,Nanoelectromechanical systems
1182,http://id.worldcat.org/fast/975674,Integrins
1183,http://id.worldcat.org/fast/1738421,JNK mitogen-activated protein kinases
1184,http://id.worldcat.org/fast/850180,Cell death
1185,http://id.worldcat.org/fast/1017394,Messenger RNA
1186,http://id.worldcat.org/fast/1131203,Stability
1187,http://id.worldcat.org/fast/1086244,RNA
1188,http://id.worldcat.org/fast/857990,Chitin
1189,http://id.worldcat.org/fast/858000,Chitosan
1190,http://id.worldcat.org/fast/1124682,Soils
1191,http://id.worldcat.org/fast/908667,Emerging infectious diseases
1192,http://id.worldcat.org/fast/1034361,Natural immunity
1193,http://id.worldcat.org/fast/1167771,Viruses
1194,http://id.worldcat.org/fast/1024864,Molecular virology
1195,http://id.worldcat.org/fast/1071583,Population genetics
1196,http://id.worldcat.org/fast/898426,Drosophila pseudoobscura
1197,http://id.worldcat.org/fast/890902,Depressed persons
1198,http://id.worldcat.org/fast/962832,Human beings
1199,http://id.worldcat.org/fast/1204694,Alabama
1200,http://id.worldcat.org/fast/1209422,Zambia
1201,http://id.worldcat.org/fast/990855,Lake ecology
1202,http://id.worldcat.org/fast/998940,Limnology
1203,http://id.worldcat.org/fast/1183186,Young adult poetry
1204,http://id.worldcat.org/fast/1060845,Philosophy of nature
1205,http://id.worldcat.org/fast/1210572,Iceland
1206,http://id.worldcat.org/fast/963101,Human genome
1207,http://id.worldcat.org/fast/865740,Coastal engineering
1208,http://id.worldcat.org/fast/829084,Beach erosion
1209,http://id.worldcat.org/fast/875883,Constructed wetlands
1210,http://id.worldcat.org/fast/1042180,Nutrient cycles
1211,http://id.worldcat.org/fast/1103440,Sagebrush
1212,http://id.worldcat.org/fast/1240539,United States--Great Basin
1213,http://id.worldcat.org/fast/1103434,Sage grouse
1214,http://id.worldcat.org/fast/950055,Habitat conservation
1215,http://id.worldcat.org/fast/1164937,Vegetation management
1216,http://id.worldcat.org/fast/1117863,Shrubland ecology
1217,http://id.worldcat.org/fast/1089876,Rangelands
1218,http://id.worldcat.org/fast/978573,Ion channels
1219,http://id.worldcat.org/fast/1158994,Tunneling (Physics)
1220,http://id.worldcat.org/fast/1081825,Psychotria
1221,http://id.worldcat.org/fast/1202933,French Polynesia
1222,http://id.worldcat.org/fast/1101013,Rubiaceae
1223,http://id.worldcat.org/fast/866301,Coffee
1224,http://id.worldcat.org/fast/936273,Fungal diseases of plants
1225,http://id.worldcat.org/fast/991472,Land use
1226,http://id.worldcat.org/fast/812818,Arboretums
1227,http://id.worldcat.org/fast/1204323,Kansas
1228,http://id.worldcat.org/fast/892852,Dicotyledons
1229,http://id.worldcat.org/fast/1202649,Azores
1230,http://id.worldcat.org/fast/1179965,Woody plants
1231,http://id.worldcat.org/fast/894112,Diospyros
1232,http://id.worldcat.org/fast/995927,Legumes
1233,http://id.worldcat.org/fast/1164507,Vascular system of plants
1234,http://id.worldcat.org/fast/1138326,Sulphur
1235,http://id.worldcat.org/fast/1017473,Metabolism
1236,http://id.worldcat.org/fast/1070035,Pollination
1237,http://id.worldcat.org/fast/923214,Fertilization of plants
1238,http://id.worldcat.org/fast/940110,Genetically modified foods
1239,http://id.worldcat.org/fast/1076410,Primatologists
1240,http://id.worldcat.org/fast/1175381,Wildlife photography
1241,http://id.worldcat.org/fast/999328,Lions
1242,http://id.worldcat.org/fast/1175420,Wildlife research
1243,http://id.worldcat.org/fast/912735,Entomology
1244,http://id.worldcat.org/fast/1256743,Czech Republic
1245,http://id.worldcat.org/fast/1203007,Slovakia
1246,http://id.worldcat.org/fast/955702,Hesperiidae
1247,http://id.worldcat.org/fast/1242804,Scandinavia
1248,http://id.worldcat.org/fast/1042448,Nymphalidae
1249,http://id.worldcat.org/fast/965470,Hymenoptera
1250,http://id.worldcat.org/fast/1204578,Netherlands Antilles
1251,http://id.worldcat.org/fast/1264472,Sint Eustatius
1252,http://id.worldcat.org/fast/1241948,Saba
1253,http://id.worldcat.org/fast/1758563,Sint Maarten
1254,http://id.worldcat.org/fast/883860,Crocodiles
1255,http://id.worldcat.org/fast/1740531,Important bird areas
1256,http://id.worldcat.org/fast/1733718,Urban ecology (Sociology)
1257,http://id.worldcat.org/fast/1207216,Bhutan
1258,http://id.worldcat.org/fast/1149987,Thick-knees (Birds)
1259,http://id.worldcat.org/fast/841749,Burhinus
1260,http://id.worldcat.org/fast/1198488,Dodo
1261,http://id.worldcat.org/fast/937451,Game and game-birds
1262,http://id.worldcat.org/fast/881981,Cowbirds
1263,http://id.worldcat.org/fast/869277,Commensalism
1264,http://id.worldcat.org/fast/799766,African elephant
1265,http://id.worldcat.org/fast/1179666,Woodchuck
1266,http://id.worldcat.org/fast/831642,Bighorn sheep
1267,http://id.worldcat.org/fast/1063206,"Physiology, Comparative"
1268,http://id.worldcat.org/fast/809178,Animal feeding
1269,http://id.worldcat.org/fast/832586,Biomedical materials
1270,http://id.worldcat.org/fast/917262,Evoked potentials (Electrophysiology)
1271,http://id.worldcat.org/fast/940195,Genius
1272,http://id.worldcat.org/fast/891253,Design
1273,http://id.worldcat.org/fast/829918,Behavior modification
1274,http://id.worldcat.org/fast/801846,Agrobacterium tumefaciens
1275,http://id.worldcat.org/fast/1034707,Nature study
1276,http://id.worldcat.org/fast/903005,"Education, Higher"
1277,http://id.worldcat.org/fast/1239510,Central Africa
1278,http://id.worldcat.org/fast/812085,Aquatic resources
1279,http://id.worldcat.org/fast/812093,Aquatic resources conservation
1280,http://id.worldcat.org/fast/870818,Community development
1281,http://id.worldcat.org/fast/1210248,Sierra Leone
1282,http://id.worldcat.org/fast/1065495,Plant introduction
1283,http://id.worldcat.org/fast/809282,Animal introduction
1284,http://id.worldcat.org/fast/1074618,Prairies
1285,http://id.worldcat.org/fast/1268643,"Texas--Texas, South"
1286,http://id.worldcat.org/fast/1330504,Mexico--Tamaulipas (State)
1287,http://id.worldcat.org/fast/909648,Endangered ecosystems
1288,http://id.worldcat.org/fast/927542,Floodplain ecology
1289,http://id.worldcat.org/fast/1034617,Nature and civilization
1290,http://id.worldcat.org/fast/1007675,Mangrove forests
1291,http://id.worldcat.org/fast/1202174,Biological resource centers
1292,http://id.worldcat.org/fast/1155007,Transportation
1293,http://id.worldcat.org/fast/1034619,Nature and nurture
1294,http://id.worldcat.org/fast/891653,Determinism (Philosophy)
1295,http://id.worldcat.org/fast/829913,Behavior genetics
1296,http://id.worldcat.org/fast/870421,Communism
1297,http://id.worldcat.org/fast/1212490,Czechoslovakia
1298,http://id.worldcat.org/fast/1103392,Safety regulations
1299,http://id.worldcat.org/fast/800502,Agricultural biotechnology
1300,http://id.worldcat.org/fast/832791,Biotechnology industries
1301,http://id.worldcat.org/fast/1019337,Mice
1302,http://id.worldcat.org/fast/955419,"Heredity, Human"
1303,http://id.worldcat.org/fast/1172188,Water use
1304,http://id.worldcat.org/fast/946815,Grassland plants
1305,http://id.worldcat.org/fast/1134549,Stream conservation
1306,http://id.worldcat.org/fast/1134607,Stream restoration
1307,http://id.worldcat.org/fast/1172716,Watershed management
1308,http://id.worldcat.org/fast/1059011,Pesticides
1309,http://id.worldcat.org/fast/1059099,Pesticides and wildlife
1310,http://id.worldcat.org/fast/973989,Insect pests
1311,http://id.worldcat.org/fast/860066,Chromosomes
1312,http://id.worldcat.org/fast/916456,Eukaryotic cells
1313,http://id.worldcat.org/fast/811467,Apoptosis
1314,http://id.worldcat.org/fast/959606,Homeostasis
1315,http://id.worldcat.org/fast/941196,Geotropism
1316,http://id.worldcat.org/fast/1084913,Quakers
1317,http://id.worldcat.org/fast/1084909,Quaker scientists
1318,http://id.worldcat.org/fast/817559,Artists
1319,http://id.worldcat.org/fast/891173,Desert plants
1320,http://id.worldcat.org/fast/970210,Indigenous crops
1321,http://id.worldcat.org/fast/865752,Coastal plants
1322,http://id.worldcat.org/fast/1174184,Wetland plants
1323,http://id.worldcat.org/fast/1098095,Riparian plants
1324,http://id.worldcat.org/fast/1098090,Riparian ecology
1325,http://id.worldcat.org/fast/957909,Historic trees
1326,http://id.worldcat.org/fast/1007679,Mangrove plants
1327,http://id.worldcat.org/fast/957121,Hinduism
1328,http://id.worldcat.org/fast/1204236,Israel
1329,http://id.worldcat.org/fast/935548,Fruit
1330,http://id.worldcat.org/fast/1164784,Vegetables
1331,http://id.worldcat.org/fast/1089466,Rain forests
1332,http://id.worldcat.org/fast/1243371,"India--India, South"
1333,http://id.worldcat.org/fast/863177,Cladistic analysis
1334,http://id.worldcat.org/fast/915070,Erythrina
1335,http://id.worldcat.org/fast/1220220,Louisiana--Mamou
1336,http://id.worldcat.org/fast/1019458,Microalgae
1337,http://id.worldcat.org/fast/1215308,Great Britain Miscellaneous Island Dependencies--Channel Islands
1338,http://id.worldcat.org/fast/1121804,Snails
1339,http://id.worldcat.org/fast/1121186,Slugs (Mollusks)
1340,http://id.worldcat.org/fast/959952,Honeybee
1341,http://id.worldcat.org/fast/860291,Chrysomelidae
1342,http://id.worldcat.org/fast/961616,Host plants
1343,http://id.worldcat.org/fast/861282,Cichlids
1344,http://id.worldcat.org/fast/1207555,Montana
1345,http://id.worldcat.org/fast/1216405,Western Sahara
1346,http://id.worldcat.org/fast/1064878,Pit vipers
1347,http://id.worldcat.org/fast/903849,Eggs
1348,http://id.worldcat.org/fast/1154418,Trails
1349,http://id.worldcat.org/fast/902317,Ecotourism
1350,http://id.worldcat.org/fast/937893,Gardening to attract birds
1351,http://id.worldcat.org/fast/1204832,Ontario
1352,http://id.worldcat.org/fast/1060045,Phalangeridae
1353,http://id.worldcat.org/fast/943433,Gliders (Mammals)
1354,http://id.worldcat.org/fast/1204778,Vietnam
1355,http://id.worldcat.org/fast/1201356,Chiru
1356,http://id.worldcat.org/fast/1028334,Mountaineering
1357,http://id.worldcat.org/fast/809301,Animal migration
1358,http://id.worldcat.org/fast/872288,Computer network resources
1359,http://id.worldcat.org/fast/1063173,Physiologists
1360,http://id.worldcat.org/fast/847139,Cardiopulmonary system
1361,http://id.worldcat.org/fast/888602,Deamination
1362,http://id.worldcat.org/fast/1129699,Sphingolipids
1363,http://id.worldcat.org/fast/944784,Golgi apparatus
1364,http://id.worldcat.org/fast/1167669,Virologists
1365,http://id.worldcat.org/fast/1068830,Poliomyelitis
1366,http://id.worldcat.org/fast/1163544,Vaccination
1367,http://id.worldcat.org/fast/1068849,Poliomyelitis vaccine
1368,http://id.worldcat.org/fast/1014401,Medical parasitology
1369,http://id.worldcat.org/fast/1053151,Parasitic diseases
1370,http://id.worldcat.org/fast/1053134,Parasites
1371,http://id.worldcat.org/fast/1205401,Switzerland
1372,http://id.worldcat.org/fast/1178193,Women naturalists
1373,http://id.worldcat.org/fast/1180729,World Heritage areas
1374,http://id.worldcat.org/fast/878842,Coral reef conservation
1375,http://id.worldcat.org/fast/878847,Coral reef ecology
1376,http://id.worldcat.org/fast/1093120,Regional planning
1377,http://id.worldcat.org/fast/1171891,Water quality bioassay
1378,http://id.worldcat.org/fast/1071821,Pore water
1379,http://id.worldcat.org/fast/1148240,Testing
1380,http://id.worldcat.org/fast/1009957,Marine sediments
1381,http://id.worldcat.org/fast/915723,Estuarine sediments
1382,http://id.worldcat.org/fast/1066982,Playas
1383,http://id.worldcat.org/fast/1045383,Old growth forest ecology
1384,http://id.worldcat.org/fast/1064392,Pinus edulis
1385,http://id.worldcat.org/fast/984975,Juniper
1386,http://id.worldcat.org/fast/1330636,Italy--Catania (Province)
1387,http://id.worldcat.org/fast/812128,Aquatic weeds
1388,http://id.worldcat.org/fast/1206031,Western Australia
1389,http://id.worldcat.org/fast/925455,Fire management
1390,http://id.worldcat.org/fast/1133519,Stochastic processes
1391,http://id.worldcat.org/fast/1146225,Teleology
1392,http://id.worldcat.org/fast/809196,Animal genetics
1393,http://id.worldcat.org/fast/809204,Animal genome mapping
1394,http://id.worldcat.org/fast/973437,Inheritance of acquired characters
1395,http://id.worldcat.org/fast/1432100,Species diversity
1396,http://id.worldcat.org/fast/1172350,Water-supply
1397,http://id.worldcat.org/fast/963000,Human embryo
1398,http://id.worldcat.org/fast/962924,Human cloning
1399,http://id.worldcat.org/fast/1182155,Y chromosome
1400,http://id.worldcat.org/fast/1015978,Men
1401,http://id.worldcat.org/fast/1123838,Sociobiology
1402,http://id.worldcat.org/fast/918556,Explorers
1403,http://id.worldcat.org/fast/921899,Fathers and sons
1404,http://id.worldcat.org/fast/1102027,Russian language
1405,http://id.worldcat.org/fast/997026,Lexicology
1406,http://id.worldcat.org/fast/1032344,Names
1407,http://id.worldcat.org/fast/1207312,Russia
1408,http://id.worldcat.org/fast/1246004,Prairie Provinces
1409,http://id.worldcat.org/fast/1905352,Northern British Columbia
1410,http://id.worldcat.org/fast/1156157,Trees in winter
1411,http://id.worldcat.org/fast/1290196,"Ontario--Ontario, Southwestern"
1412,http://id.worldcat.org/fast/812059,Aquatic plants
1413,http://id.worldcat.org/fast/1207074,Yukon Territory
1414,http://id.worldcat.org/fast/934209,French
1415,http://id.worldcat.org/fast/1210372,Saudi Arabia
1416,http://id.worldcat.org/fast/891182,Desert resources
1417,http://id.worldcat.org/fast/1736243,Catclaw acacia
1418,http://id.worldcat.org/fast/1244200,Indian Ocean--Islands of the Indian Ocean
1419,http://id.worldcat.org/fast/1042610,Oak
1420,http://id.worldcat.org/fast/986147,Kapok
1421,http://id.worldcat.org/fast/1048614,Oryza
1422,http://id.worldcat.org/fast/923783,Ficus (Plants)
1423,http://id.worldcat.org/fast/1026039,Moraceae
1424,http://id.worldcat.org/fast/1753575,Edible mushrooms
1425,http://id.worldcat.org/fast/1281553,Malawi--Liwonde
1426,http://id.worldcat.org/fast/1070746,Polyphenols
1427,http://id.worldcat.org/fast/1185274,Friends and associates of a person
1428,http://id.worldcat.org/fast/1050530,Painters
1429,http://id.worldcat.org/fast/1144057,Taxidermists
1430,http://id.worldcat.org/fast/990395,Laboratory animals
1431,http://id.worldcat.org/fast/809161,Animal experimentation
1432,http://id.worldcat.org/fast/809302,Animal models in research
1433,http://id.worldcat.org/fast/1281564,Namibia--Kunene
1434,http://id.worldcat.org/fast/1175433,Wildlife utilization
1435,http://id.worldcat.org/fast/1067577,Poachers
1436,http://id.worldcat.org/fast/963285,Human rights
1437,http://id.worldcat.org/fast/809580,Animals in literature
1438,http://id.worldcat.org/fast/1080148,Protozoology
1439,http://id.worldcat.org/fast/1161296,Unicellular organisms
1440,http://id.worldcat.org/fast/935095,Freshwater protozoa
1441,http://id.worldcat.org/fast/946783,Grasshoppers
1442,http://id.worldcat.org/fast/1001820,Locusts
1443,http://id.worldcat.org/fast/811308,Aphididae
1444,http://id.worldcat.org/fast/916489,Eumenidae
1445,http://id.worldcat.org/fast/1165676,Vespidae
1446,http://id.worldcat.org/fast/1211573,Anguilla
1447,http://id.worldcat.org/fast/1206536,Tasmania
1448,http://id.worldcat.org/fast/815114,Arroyo toad
1449,http://id.worldcat.org/fast/832947,Bird watchers
1450,http://id.worldcat.org/fast/1008566,Maori (New Zealand people)
1451,http://id.worldcat.org/fast/916209,Ethnozoology
1452,http://id.worldcat.org/fast/1031855,"Mythology, Maori"
1453,http://id.worldcat.org/fast/1115159,Shamanism
1454,http://id.worldcat.org/fast/851625,Chacma baboon
1455,http://id.worldcat.org/fast/824977,Baboons
1456,http://id.worldcat.org/fast/1177526,Women conservationists
1457,http://id.worldcat.org/fast/841973,Burrowing animals
1458,http://id.worldcat.org/fast/891140,Desert animals
1459,http://id.worldcat.org/fast/1153656,Tracking and trailing
1460,http://id.worldcat.org/fast/1031152,Mutation (Biology)
1461,http://id.worldcat.org/fast/1062841,Physicians
1462,http://id.worldcat.org/fast/834550,Blood
1463,http://id.worldcat.org/fast/998380,Life spans (Biology)
1464,http://id.worldcat.org/fast/890158,Demography
1465,http://id.worldcat.org/fast/834755,Blood groups in animals
1466,http://id.worldcat.org/fast/1167901,Vision in infants
1467,http://id.worldcat.org/fast/1129242,Speech perception in newborn infants
1468,http://id.worldcat.org/fast/1129241,Speech perception in infants
1469,http://id.worldcat.org/fast/821269,Auditory evoked response
1470,http://id.worldcat.org/fast/1032720,Naps (Sleep)
1471,http://id.worldcat.org/fast/1032722,Naps (Sleep) in art
1472,http://id.worldcat.org/fast/1120854,Sleep in literature
1473,http://id.worldcat.org/fast/940106,Genetic translation
1474,http://id.worldcat.org/fast/939991,Genes
1475,http://id.worldcat.org/fast/1019478,Microbial contamination
1476,http://id.worldcat.org/fast/1019573,Microbiologically influenced corrosion
1477,http://id.worldcat.org/fast/1019522,Microbial metabolism
1478,http://id.worldcat.org/fast/1078852,Prokaryotes
1479,http://id.worldcat.org/fast/912934,Environmental engineering
1480,http://id.worldcat.org/fast/1146966,Television personalities
1481,http://id.worldcat.org/fast/1178162,Women molecular biologists
1482,http://id.worldcat.org/fast/912902,Environmental education
1483,http://id.worldcat.org/fast/862334,Civic leaders
1484,http://id.worldcat.org/fast/1318049,Colombia--Villavicencio (Meta)
1485,http://id.worldcat.org/fast/1256791,Moldova
1486,http://id.worldcat.org/fast/1049140,Outdoor life
1487,http://id.worldcat.org/fast/1009790,Marine parks and reserves
1488,http://id.worldcat.org/fast/809149,Animal diversity conservation
1489,http://id.worldcat.org/fast/901442,Ecolinguistics
1490,http://id.worldcat.org/fast/1240052,Middle West
1491,http://id.worldcat.org/fast/881405,Country life
1492,http://id.worldcat.org/fast/1119135,Simplicity
1493,http://id.worldcat.org/fast/874563,Conduct of life
1494,http://id.worldcat.org/fast/1207854,Taiwan
1495,http://id.worldcat.org/fast/1106478,Scanning electron microscopes
1496,http://id.worldcat.org/fast/1014601,Medical sciences
1497,http://id.worldcat.org/fast/832090,Biogeochemistry
1498,http://id.worldcat.org/fast/832084,Biogeochemical cycles
1499,http://id.worldcat.org/fast/1061473,Phosphorus cycle (Biogeochemistry)
1500,http://id.worldcat.org/fast/1049616,Oxygen
1501,http://id.worldcat.org/fast/980232,Isotopes
1502,http://id.worldcat.org/fast/853521,"Chemistry, Physical and theoretical"
1503,http://id.worldcat.org/fast/919522,Face
1504,http://id.worldcat.org/fast/970213,Indigenous peoples
1505,http://id.worldcat.org/fast/801355,Agriculture
1506,http://id.worldcat.org/fast/912979,Environmental ethics
1507,http://id.worldcat.org/fast/1172881,Wave mechanics
1508,http://id.worldcat.org/fast/880337,Corridors (Ecology)
1509,http://id.worldcat.org/fast/812043,Aquatic organisms
1510,http://id.worldcat.org/fast/1198509,Mercury
1511,http://id.worldcat.org/fast/1017121,Mercury compounds
1512,http://id.worldcat.org/fast/1018768,Methylmercury
1513,http://id.worldcat.org/fast/1018047,Metals
1514,http://id.worldcat.org/fast/831935,Bioavailability
1515,http://id.worldcat.org/fast/1124546,Soil pollution
1516,http://id.worldcat.org/fast/820441,Atmospheric nitrogen compounds
1517,http://id.worldcat.org/fast/937845,Gardeners
1518,http://id.worldcat.org/fast/1009256,Marijuana
1519,http://id.worldcat.org/fast/1156693,Triggerplants
1520,http://id.worldcat.org/fast/1000893,Livestock poisoning plants
1521,http://id.worldcat.org/fast/1013117,Meadow plants
1522,http://id.worldcat.org/fast/1243778,"California--California, Northern"
1523,http://id.worldcat.org/fast/932540,Forest surveys
1524,http://id.worldcat.org/fast/885811,Cycadaceae
1525,http://id.worldcat.org/fast/885812,Cycads
1526,http://id.worldcat.org/fast/1045728,Oncidium
1527,http://id.worldcat.org/fast/952104,Haworthia
1528,http://id.worldcat.org/fast/818802,Aspergillus
1529,http://id.worldcat.org/fast/1065488,Plant indicators
1530,http://id.worldcat.org/fast/1016299,Mensuration
1531,http://id.worldcat.org/fast/1063324,Phytoremediation
1532,http://id.worldcat.org/fast/980214,Isoquinoline
1533,http://id.worldcat.org/fast/1065451,Plant genetic engineering
1534,http://id.worldcat.org/fast/1110280,Sealing
1535,http://id.worldcat.org/fast/1242477,North Atlantic Ocean
1536,http://id.worldcat.org/fast/951608,Harp seal
1537,http://id.worldcat.org/fast/874822,Conflict of interests
1538,http://id.worldcat.org/fast/884605,Cryptozoology
1539,http://id.worldcat.org/fast/975774,Intellectual property
1540,http://id.worldcat.org/fast/852881,Chemical ecology
1541,http://id.worldcat.org/fast/874615,Conenoses
1542,http://id.worldcat.org/fast/851728,Chagas' disease
1543,http://id.worldcat.org/fast/1088072,Radiography
1544,http://id.worldcat.org/fast/1272478,Western Europe
1545,http://id.worldcat.org/fast/1262458,Soviet Union--Former Soviet republics
1546,http://id.worldcat.org/fast/1034336,Natural history illustrators
1547,http://id.worldcat.org/fast/1048351,Ornithological illustration
1548,http://id.worldcat.org/fast/1076848,"Prints, American"
1549,http://id.worldcat.org/fast/1053920,Parrots
1550,http://id.worldcat.org/fast/1244894,Africa--Kalahari Desert
1551,http://id.worldcat.org/fast/809280,Animal intelligence
1552,http://id.worldcat.org/fast/960219,Hormones
1553,http://id.worldcat.org/fast/1092516,Reflexes
1554,http://id.worldcat.org/fast/994938,Learning disabled children
1555,http://id.worldcat.org/fast/829899,Behavior disorders in children
1556,http://id.worldcat.org/fast/891813,Developmental neurophysiology
1557,http://id.worldcat.org/fast/973089,Information technology
1558,http://id.worldcat.org/fast/940076,Genetic psychology
1559,http://id.worldcat.org/fast/963494,Human-computer interaction
1560,http://id.worldcat.org/fast/1143475,Taste
1561,http://id.worldcat.org/fast/952182,Hazardous geographic environments
1562,http://id.worldcat.org/fast/797447,Adventure and adventurers
1563,http://id.worldcat.org/fast/875571,Conservation projects (Natural resources)
1564,http://id.worldcat.org/fast/1056230,Peat bog ecology
1565,http://id.worldcat.org/fast/1056267,Peatland forestry
1566,http://id.worldcat.org/fast/1092525,Reforestation
1567,http://id.worldcat.org/fast/1153142,Tourism
1568,http://id.worldcat.org/fast/1139923,Swamps
1569,http://id.worldcat.org/fast/1028641,Mud
1570,http://id.worldcat.org/fast/1264980,United States--Columbia River Watershed
1571,http://id.worldcat.org/fast/1133112,Steppe ecology
1572,http://id.worldcat.org/fast/1010755,Marsh ecology
1573,http://id.worldcat.org/fast/1204598,Pennsylvania
1574,http://id.worldcat.org/fast/1206030,Nova Scotia
1575,http://id.worldcat.org/fast/823217,Automobile travel
1576,http://id.worldcat.org/fast/1065708,Plant succession
1577,http://id.worldcat.org/fast/1124377,Soil erosion
1578,http://id.worldcat.org/fast/1164949,Vegetation surveys
1579,http://id.worldcat.org/fast/1171592,Water chemistry
1580,http://id.worldcat.org/fast/1089410,Rain and rainfall
1581,http://id.worldcat.org/fast/1242503,Africa--Lake Victoria
1582,http://id.worldcat.org/fast/1129108,Spectrum analysis
1583,http://id.worldcat.org/fast/880600,Cosmology
1584,http://id.worldcat.org/fast/998301,Life on other planets
1585,http://id.worldcat.org/fast/918219,Exobiology
1586,http://id.worldcat.org/fast/933164,Fossils
1587,http://id.worldcat.org/fast/808145,Amylases
1588,http://id.worldcat.org/fast/832502,Biology projects
1589,http://id.worldcat.org/fast/1024762,Molecular cloning
1590,http://id.worldcat.org/fast/1009447,Marine biology
1591,http://id.worldcat.org/fast/935009,Freshwater biology
1592,http://id.worldcat.org/fast/864834,Cloud forest ecology
1593,http://id.worldcat.org/fast/1150792,Tides
1594,http://id.worldcat.org/fast/1134114,Storm surges
1595,http://id.worldcat.org/fast/915682,Estuarine biology
1596,http://id.worldcat.org/fast/915675,Estuarine area conservation
1597,http://id.worldcat.org/fast/1171832,Water quality
1598,http://id.worldcat.org/fast/1105938,Savanna ecology
1599,http://id.worldcat.org/fast/1212709,Northern Territory
1600,http://id.worldcat.org/fast/932448,Forest regeneration
1601,http://id.worldcat.org/fast/932100,Forest dynamics
1602,http://id.worldcat.org/fast/832105,Biogeomorphology
1603,http://id.worldcat.org/fast/1066129,Plants for land reclamation
1604,http://id.worldcat.org/fast/916505,Euodia
1605,http://id.worldcat.org/fast/1015741,Melicope
1606,http://id.worldcat.org/fast/804097,Alawa language
1607,http://id.worldcat.org/fast/989140,Kriol language
1608,http://id.worldcat.org/fast/940449,Geographical location codes
1609,http://id.worldcat.org/fast/1065705,Plant species diversity
1610,http://id.worldcat.org/fast/1137090,Succulent plants
1611,http://id.worldcat.org/fast/909498,Encephalartos
1612,http://id.worldcat.org/fast/916545,Euphorbiaceae
1613,http://id.worldcat.org/fast/1038129,Nitrogen-fixing plants
1614,http://id.worldcat.org/fast/1228307,Nicaragua
1615,http://id.worldcat.org/fast/1079609,Proteales
1616,http://id.worldcat.org/fast/1124867,Solanaceae
1617,http://id.worldcat.org/fast/884542,Cryptogams
1618,http://id.worldcat.org/fast/998080,Lichen products
1619,http://id.worldcat.org/fast/1083534,Puccinia graminis
1620,http://id.worldcat.org/fast/843130,Butterfly farming
1621,http://id.worldcat.org/fast/1175452,Wildlife-related recreation
1622,http://id.worldcat.org/fast/991777,Landscape
1623,http://id.worldcat.org/fast/1034516,"Natural resources, Communal"
1624,http://id.worldcat.org/fast/849872,Cave animals
1625,http://id.worldcat.org/fast/849890,Cave mapping
1626,http://id.worldcat.org/fast/1052719,Papilionidae
1627,http://id.worldcat.org/fast/1041144,Nudibranchia
1628,http://id.worldcat.org/fast/1214418,Mozambique
1629,http://id.worldcat.org/fast/1115719,Shells
1630,http://id.worldcat.org/fast/1001174,Lobster fisheries
1631,http://id.worldcat.org/fast/1175058,Wild animal trade
1632,http://id.worldcat.org/fast/861424,Ciliata
1633,http://id.worldcat.org/fast/964470,Hyalidae
1634,http://id.worldcat.org/fast/1026772,Mosquitoes
1635,http://id.worldcat.org/fast/1026797,Mosquitoes as carriers of disease
1636,http://id.worldcat.org/fast/1129616,Sphaeroceridae
1637,http://id.worldcat.org/fast/940860,Geometridae
1638,http://id.worldcat.org/fast/1109052,Scomberomorus
1639,http://id.worldcat.org/fast/926051,Fisheries
1640,http://id.worldcat.org/fast/840487,Bufo marinus
1641,http://id.worldcat.org/fast/1153336,Toxicity testing
1642,http://id.worldcat.org/fast/1018849,Metropolitan areas
1643,http://id.worldcat.org/fast/833087,Birds in art
1644,http://id.worldcat.org/fast/1266183,Eritrea
1645,http://id.worldcat.org/fast/1210282,Uganda
1646,http://id.worldcat.org/fast/1054398,Passeriformes
1647,http://id.worldcat.org/fast/809354,Animal remains (Archaeology)
1648,http://id.worldcat.org/fast/1212358,Rwanda
1649,http://id.worldcat.org/fast/896501,Dolphins
1650,http://id.worldcat.org/fast/806208,"Altitude, Influence of"
1651,http://id.worldcat.org/fast/1028319,Mountain sickness
1652,http://id.worldcat.org/fast/1021615,Milk
1653,http://id.worldcat.org/fast/1148269,Testis
1654,http://id.worldcat.org/fast/1052816,Paracrine mechanisms
1655,http://id.worldcat.org/fast/822631,Autocrine mechanisms
1656,http://id.worldcat.org/fast/1029921,Muscle contraction
1657,http://id.worldcat.org/fast/864361,Clinical medicine
1658,http://id.worldcat.org/fast/1130709,Sports medicine
1659,http://id.worldcat.org/fast/1079695,Protein kinases
1660,http://id.worldcat.org/fast/850278,Cellular control mechanisms
1661,http://id.worldcat.org/fast/1149832,Thermodynamics
1662,http://id.worldcat.org/fast/796236,Action theory
1663,http://id.worldcat.org/fast/1161331,Unified field theories
1664,http://id.worldcat.org/fast/846269,Capillary electrophoresis
1665,http://id.worldcat.org/fast/1018240,Metals in the body
1666,http://id.worldcat.org/fast/1154781,Transition metals
1667,http://id.worldcat.org/fast/832066,Biofilms
1668,http://id.worldcat.org/fast/1063266,Phytopathogenic bacteria
1669,http://id.worldcat.org/fast/1034350,Natural history museums
1670,http://id.worldcat.org/fast/1275638,South Africa--Gauteng
1671,http://id.worldcat.org/fast/836824,Botanical drug industry
1672,http://id.worldcat.org/fast/1205835,Iowa
1673,http://id.worldcat.org/fast/1171786,Water levels
1674,http://id.worldcat.org/fast/832715,Biosphere reserves
1675,http://id.worldcat.org/fast/1204724,Missouri
1676,http://id.worldcat.org/fast/810326,Anti-environmentalism
1677,http://id.worldcat.org/fast/1034513,Natural resources management areas
1678,http://id.worldcat.org/fast/1028836,Multiculturalism
1679,http://id.worldcat.org/fast/870122,Communication in conservation of natural resources
1680,http://id.worldcat.org/fast/1045384,Old growth forests
1681,http://id.worldcat.org/fast/1239915,Cold regions
1682,http://id.worldcat.org/fast/1229661,Northwest Territories
1683,http://id.worldcat.org/fast/1208722,Guyana
1684,http://id.worldcat.org/fast/1212489,Bulgaria
1685,http://id.worldcat.org/fast/1250545,Indonesia--Aru Islands
1686,http://id.worldcat.org/fast/998357,Life scientists
1687,http://id.worldcat.org/fast/847280,Career development
1688,http://id.worldcat.org/fast/1178114,Women life scientists
1689,http://id.worldcat.org/fast/1114408,Sex discrimination in employment
1690,http://id.worldcat.org/fast/1029105,Multivariate analysis
1691,http://id.worldcat.org/fast/1014672,Medical statistics
1692,http://id.worldcat.org/fast/1085128,Quantum theory
1693,http://id.worldcat.org/fast/825221,Bacterial genetics
1694,http://id.worldcat.org/fast/937695,Gangs
1695,http://id.worldcat.org/fast/985320,Juvenile delinquency
1696,http://id.worldcat.org/fast/1162702,Urban youth
1697,http://id.worldcat.org/fast/963066,Human gene mapping
1698,http://id.worldcat.org/fast/963201,Human population genetics
1699,http://id.worldcat.org/fast/918516,Expert systems (Computer science)
1700,http://id.worldcat.org/fast/906253,Electricity
1701,http://id.worldcat.org/fast/809296,Animal mechanics
1702,http://id.worldcat.org/fast/998265,Life cycles (Biology)
1703,http://id.worldcat.org/fast/1160934,Underground ecology
1704,http://id.worldcat.org/fast/958141,Historical materialism
1705,http://id.worldcat.org/fast/1122310,Social change
1706,http://id.worldcat.org/fast/1181381,World politics
1707,http://id.worldcat.org/fast/1122778,Social problems
1708,http://id.worldcat.org/fast/1205351,Somalia
1709,http://id.worldcat.org/fast/932311,Forest policy
1710,http://id.worldcat.org/fast/1098084,Riparian areas
1711,http://id.worldcat.org/fast/1038046,Nitrogen
1712,http://id.worldcat.org/fast/1038072,Nitrogen cycle
1713,http://id.worldcat.org/fast/1038083,Nitrogen excretion
1714,http://id.worldcat.org/fast/1038084,Nitrogen fertilizers
1715,http://id.worldcat.org/fast/809464,Animal-plant relationships
1716,http://id.worldcat.org/fast/974046,Insect-plant relationships
1717,http://id.worldcat.org/fast/866300,Coevolution
1718,http://id.worldcat.org/fast/1070039,Pollinators
1719,http://id.worldcat.org/fast/927770,Flow cytometry
1720,http://id.worldcat.org/fast/859922,Chromatin
1721,http://id.worldcat.org/fast/800574,Agricultural colleges
1722,http://id.worldcat.org/fast/1244520,South Asia
1723,http://id.worldcat.org/fast/1050902,"Painting, Irish"
1724,http://id.worldcat.org/fast/967426,Illustrators
1725,http://id.worldcat.org/fast/1759349,United States--Mojave Desert
1726,http://id.worldcat.org/fast/864836,Cloud forest plants
1727,http://id.worldcat.org/fast/1230111,Saint Helena
1728,http://id.worldcat.org/fast/1065677,Plant remains (Archaeology)
1729,http://id.worldcat.org/fast/1205132,Hungary
1730,http://id.worldcat.org/fast/1205290,Greenland
1731,http://id.worldcat.org/fast/814161,Arctostaphylos
1732,http://id.worldcat.org/fast/923012,Ferns
1733,http://id.worldcat.org/fast/947592,Green algae
1734,http://id.worldcat.org/fast/1211813,Luxembourg
1735,http://id.worldcat.org/fast/1102552,Rust fungi
1736,http://id.worldcat.org/fast/1156598,Trichomycetes
1737,http://id.worldcat.org/fast/961619,Host-fungus relationships
1738,http://id.worldcat.org/fast/847693,Carnivorous plants
1739,http://id.worldcat.org/fast/1204556,Norway
1740,http://id.worldcat.org/fast/1178393,Women primatologists
1741,http://id.worldcat.org/fast/809602,"Animals, Mythical"
1742,http://id.worldcat.org/fast/1053184,Parasitoids
1743,http://id.worldcat.org/fast/1084738,Pythons
1744,http://id.worldcat.org/fast/1206439,Nevada--Reno
1745,http://id.worldcat.org/fast/1692608,Southern France
1746,http://id.worldcat.org/fast/1241586,Middle East
1747,http://id.worldcat.org/fast/922098,Feathers
1748,http://id.worldcat.org/fast/980099,Island gray fox
1749,http://id.worldcat.org/fast/1156622,Trichosurus vulpecula
1750,http://id.worldcat.org/fast/962937,Human dissection
1751,http://id.worldcat.org/fast/1045480,Olivary nucleus
1752,http://id.worldcat.org/fast/1052974,Paramedical education
1753,http://id.worldcat.org/fast/1061278,"Phonetics, Experimental"
1754,http://id.worldcat.org/fast/907701,Electrophysiology
1755,http://id.worldcat.org/fast/917713,Excitation (Physiology)
1756,http://id.worldcat.org/fast/796287,Active oxygen in the body
1757,http://id.worldcat.org/fast/1049563,"Oxidation, Physiological"
1758,http://id.worldcat.org/fast/1024825,Molecular probes
1759,http://id.worldcat.org/fast/1038583,Nonaqueous solvents
1760,http://id.worldcat.org/fast/999359,Lipase
1761,http://id.worldcat.org/fast/1079783,Proteolytic enzymes
1762,http://id.worldcat.org/fast/1071936,Porphyrins
1763,http://id.worldcat.org/fast/890774,Deoxy sugars
1764,http://id.worldcat.org/fast/1070528,Polyketides
1765,http://id.worldcat.org/fast/832721,Biosynthesis
1766,http://id.worldcat.org/fast/832648,Bioorganic chemistry
1767,http://id.worldcat.org/fast/928581,Folic acid in human nutrition
1768,http://id.worldcat.org/fast/928571,Folic acid
1769,http://id.worldcat.org/fast/928579,Folic acid deficiency
1770,http://id.worldcat.org/fast/1168206,Vitamin D
1771,http://id.worldcat.org/fast/1168216,Vitamin D in the body
1772,http://id.worldcat.org/fast/1133262,Steroid hormones
1773,http://id.worldcat.org/fast/1019484,Microbial ecology
1774,http://id.worldcat.org/fast/1124422,Soil fungi
1775,http://id.worldcat.org/fast/936282,Fungal metabolites
1776,http://id.worldcat.org/fast/1031363,Mycotoxins
1777,http://id.worldcat.org/fast/1025547,Monoclonal antibodies
1778,http://id.worldcat.org/fast/917492,Examinations
1779,http://id.worldcat.org/fast/1148290,Testudinidae
1780,http://id.worldcat.org/fast/1920776,Laboratory manuals
1781,http://id.worldcat.org/fast/1423798,Encyclopedias
1782,http://id.worldcat.org/fast/29136,"Darwin, Charles, 1809-1882"
1783,http://id.worldcat.org/fast/530762,National University of Lesotho
1784,http://id.worldcat.org/fast/179858,"Linn, Carl von, 1741-1783"
1785,http://id.worldcat.org/fast/434309,"Banks, Joseph, fl. 1823-1838"
1786,http://id.worldcat.org/fast/1423826,Dictionaries
1787,http://id.worldcat.org/fast/1423871,Guidebooks
1788,http://id.worldcat.org/fast/235269,"Amici, Giovanni Battista, 1786-1863"
1789,http://id.worldcat.org/fast/185500,"Clark, William Andrews, 1877-1934"
1790,http://id.worldcat.org/fast/675822,Nationaal Natuurhistorisch Museum (Netherlands)
1791,http://id.worldcat.org/fast/444817,"Menzies, Archibald, 1754-1842"
1792,http://id.worldcat.org/fast/43064,"Linn, Carl von, 1707-1778"
